customer_id,total_revenue,total_orders,avg_order_value,purchase_frequency,clv
AA-10315,5563.56,5,1112.712,0.0010158472165786266,13.564144656643641
AA-10375,1056.39,9,117.37666666666668,0.0018285249898415277,2.575514018691589
AA-10480,1790.5120000000002,4,447.62800000000004,0.0008126777732629012,4.365327915481512
AA-10645,5086.9349999999995,6,847.8224999999999,0.001219016659894352,12.402117025599349
AB-10015,886.156,3,295.38533333333334,0.000609508329947176,2.1604778545306784
AB-10060,7755.62,8,969.4525,0.0016253555465258025,18.908459975619667
AB-10105,14473.570999999998,10,1447.3570999999997,0.0020316944331572532,35.2870483543275
AB-10150,966.71,5,193.342,0.0010158472165786266,2.3568711905729383
AB-10165,1113.838,8,139.22975,0.0016253555465258025,2.71557415684681
AB-10255,914.5319999999999,9,101.61466666666666,0.0018285249898415277,2.2296594880130027
AB-10600,1515.862,4,378.9655,0.0008126777732629012,3.6957220642015445
AC-10420,925.8,3,308.59999999999997,0.000609508329947176,2.2571312474603817
AC-10450,5527.846,7,789.6922857142856,0.0014221861032100772,13.477072734660705
AC-10615,2537.6859999999997,5,507.5371999999999,0.0010158472165786266,6.186963023161317
AC-10660,657.316,5,131.4632,0.0010158472165786266,1.6025583096302316
AD-10180,6106.88,8,763.36,0.0016253555465258025,14.888776919951239
AF-10870,2052.908,7,293.27257142857144,0.0014221861032100772,5.005058106460789
AF-10885,861.565,4,215.39125,0.0008126777732629012,2.1005241771637544
AG-10270,2582.898,5,516.5796,0.0010158472165786266,6.297191385615604
AG-10300,367.548,4,91.887,0.0008126777732629012,0.8960942706216984
AG-10330,660.972,5,132.1944,0.0010158472165786266,1.6114717594473793
AG-10390,200.945,5,40.189,0.0010158472165786266,0.4899106054449411
AG-10495,1419.247,7,202.74957142857144,0.0014221861032100772,3.460171475010158
AG-10525,1455.038,4,363.7595,0.0008126777732629012,3.547431125558716
AG-10675,3489.0396000000005,7,498.43422857142866,0.0014221861032100772,8.506394798862253
AG-10765,170.584,4,42.646,0.0008126777732629012,0.41588947582283625
AG-10900,4510.797,10,451.07969999999995,0.0020316944331572532,10.997473384802925
AH-10030,1744.7,7,249.24285714285716,0.0014221861032100772,4.253636733035352
AH-10075,3250.337,10,325.0337,0.0020316944331572532,7.924429906542056
AH-10120,1735.5140000000001,7,247.93057142857145,0.0014221861032100772,4.231240958959773
AH-10195,1587.452,4,396.863,0.0008126777732629012,3.870260869565217
AH-10210,4805.344,9,533.9271111111111,0.0018285249898415277,11.715588785046728
AH-10465,2495.3916,5,499.07831999999996,0.0010158472165786266,6.083847866720845
AH-10585,738.504,4,184.626,0.0008126777732629012,1.800497358797237
AH-10690,7888.294,12,657.3578333333334,0.002438033319788704,19.231923608289314
AI-10855,4375.786,10,437.5786,0.0020316944331572532,10.668312068264934
AJ-10780,4867.344,7,695.3348571428571,0.0014221861032100772,11.866746850873628
AJ-10795,4501.391,7,643.0558571428571,0.0014221861032100772,10.974541243396992
AJ-10945,1829.896,6,304.98266666666666,0.001219016659894352,4.46134741974807
AJ-10960,629.2479999999999,3,209.7493333333333,0.000609508329947176,1.5341275904104021
AM-10360,814.012,5,162.80239999999998,0.0010158472165786266,1.984588378707842
AM-10705,5664.022,8,708.00275,0.0016253555465258025,13.809074360016254
AO-10810,161.28,1,161.28,0.0002031694433157253,0.3932060138155221
AP-10720,545.932,6,90.98866666666667,0.001219016659894352,1.331000406338887
AP-10915,3323.556,10,332.3556,0.0020316944331572532,8.102940268183666
AR-10345,1055.694,4,263.9235,0.0008126777732629012,2.573817147501016
AR-10405,2236.128,5,447.22560000000004,0.0010158472165786266,5.451754571312476
AR-10510,264.86400000000003,5,52.97280000000001,0.0010158472165786266,0.6457472572125154
AR-10540,6608.448,6,1101.4080000000001,0.001219016659894352,16.111616416091024
AR-10570,88.15,1,88.15,0.0002031694433157253,0.21491263713937425
AR-10825,4523.336,8,565.417,0.0016253555465258025,11.028043884599755
AS-10045,3050.692,7,435.81314285714285,0.0014221861032100772,7.43768874441284
AS-10090,3255.31,9,361.7011111111111,0.0018285249898415277,7.936554246241364
AS-10135,58.82,2,29.41,0.0004063388866314506,0.14340511986997156
AS-10225,4260.784,5,852.1568,0.0010158472165786266,10.387933360422592
AS-10240,503.968,5,100.7936,0.0010158472165786266,1.2286907761072734
AS-10285,3214.236,6,535.706,0.001219016659894352,7.8364144656643635
AS-10630,833.398,7,119.05685714285714,0.0014221861032100772,2.0318520926452663
AT-10435,1166.0720000000001,5,233.2144,0.0010158472165786266,2.8429223892726534
AT-10735,3831.864,10,383.1864,0.0020316944331572532,9.342212108898822
AW-10840,649.376,4,162.344,0.0008126777732629012,1.5832003250711093
AW-10930,2852.968,7,407.56685714285715,0.0014221861032100772,6.9556310442909375
AY-10555,497.014,4,124.2535,0.0008126777732629012,1.2117366924014628
AZ-10750,1622.0179999999998,6,270.3363333333333,0.001219016659894352,3.9545339292970336
BB-10990,744.3399999999999,5,148.868,0.0010158472165786266,1.8147257212515235
BB-11545,6765.728,9,751.7475555555556,0.0018285249898415277,16.495070296627386
BC-11125,2933.676,9,325.964,0.0018285249898415277,7.152399837464445
BD-11320,5718.521,12,476.54341666666664,0.002438033319788704,13.941944737911417
BD-11500,4411.2429999999995,6,735.2071666666666,0.001219016659894352,10.75475741568468
BD-11560,320.54,2,160.27,0.0004063388866314506,0.781487200325071
BD-11605,2783.189,6,463.8648333333333,0.001219016659894352,6.785507517269402
BD-11620,1538.11,6,256.35166666666663,0.001219016659894352,3.7499634295002027
BD-11635,582.646,3,194.21533333333332,0.000609508329947176,1.420510361641609
BD-11725,1526.5,6,254.41666666666666,0.001219016659894352,3.721657862657456
BD-11770,658.466,6,109.74433333333333,0.001219016659894352,1.6053620479479886
BE-11335,4204.676,5,840.9352000000001,0.0010158472165786266,10.25114018691589
BE-11410,2261.438,5,452.2876,0.0010158472165786266,5.513461194636327
BE-11455,748.026,5,149.6052,0.0010158472165786266,1.823712312068265
BF-10975,599.798,7,85.68542857142857,0.0014221861032100772,1.462327509142625
BF-11005,1333.88,4,333.47,0.0008126777732629012,3.2520438845997566
BF-11020,2888.506,8,361.06325,0.0016253555465258025,7.04227387240959
BF-11080,272.95,3,90.98333333333333,0.000609508329947176,0.6654611946363267
BF-11170,5907.972,11,537.0883636363636,0.0022348638764729785,14.403832588378709
BF-11215,1585.162,4,396.2905,0.0008126777732629012,3.864677773262901
BF-11275,791.9899999999999,3,263.9966666666666,0.000609508329947176,1.930898008939455
BG-11035,2798.948,8,349.8685,0.0016253555465258025,6.823928484355951
BG-11695,1874.172,6,312.362,0.001219016659894352,4.569293783015035
BG-11740,1006.356,6,167.726,0.001219016659894352,2.453529459569281
BH-11710,6255.351,8,781.918875,0.0016253555465258025,15.250754164973587
BK-11260,659.1379999999999,6,109.85633333333332,0.001219016659894352,1.6070004063388863
BM-11140,11789.63,4,2947.4075,0.0008126777732629012,28.74351076798049
BM-11575,808.162,6,134.69366666666667,0.001219016659894352,1.9703258837870785
BM-11650,7294.185,11,663.1077272727273,0.0022348638764729785,17.783466070702964
BM-11785,1338.842,10,133.88420000000002,0.0020316944331572532,3.2641414059325484
BN-11470,265.296,4,66.324,0.0008126777732629012,0.646800487606664
BN-11515,1459.344,5,291.8688,0.0010158472165786266,3.557929297033727
BO-11350,2682.728,5,536.5456,0.0010158472165786266,6.540580251930111
BO-11425,130.83,2,65.415,0.0004063388866314506,0.31896789922795615
BP-11050,983.42,5,196.684,0.0010158472165786266,2.397610727346607
BP-11095,2442.044,12,203.50366666666665,0.002438033319788704,5.953784640390085
BP-11155,1697.8609999999999,6,282.97683333333333,0.001219016659894352,4.139441690369768
BP-11185,3675.861,9,408.429,0.0018285249898415277,8.961871596911823
BP-11230,1181.49,5,236.298,0.0010158472165786266,2.880511986997156
BP-11290,2475.157,7,353.5938571428572,0.0014221861032100772,6.034515237708249
BS-11365,10501.653,5,2100.3306000000002,0.0010158472165786266,25.603379926859006
BS-11380,3887.834,5,777.5668,0.0010158472165786266,9.478668833807394
BS-11590,2454.928,6,409.1546666666666,0.001219016659894352,5.985196261682242
BS-11665,3288.1099999999997,3,1096.0366666666666,0.000609508329947176,8.016521739130434
BS-11755,2562.382,7,366.0545714285714,0.0014221861032100772,6.247172694026818
BS-11800,949.4300000000001,2,474.71500000000003,0.0004063388866314506,2.314741974806989
BT-11305,2567.656,5,513.5312,0.0010158472165786266,6.260030881755384
BT-11395,2186.6130000000003,6,364.43550000000005,0.001219016659894352,5.331035351483138
BT-11440,603.876,4,150.969,0.0008126777732629012,1.4722698090207231
BT-11485,415.19599999999997,2,207.59799999999998,0.0004063388866314506,1.0122616822429906
BT-11530,2684.4919999999997,5,536.8983999999999,0.0010158472165786266,6.544880942706216
BT-11680,3196.752,7,456.6788571428571,0.0014221861032100772,7.793787891101177
BV-11245,1523.2730000000001,5,304.6546,0.0010158472165786266,3.7137903291344982
BW-11065,385.516,3,128.50533333333334,0.000609508329947176,0.9399008533116621
BW-11110,4750.358,8,593.79475,0.0016253555465258025,11.581531084924828
BW-11200,1738.406,6,289.7343333333333,0.001219016659894352,4.2382917513206015
CA-11965,3789.7228,6,631.6204666666666,0.001219016659894352,9.239470459162941
CA-12055,1679.7240000000002,5,335.94480000000004,0.0010158472165786266,4.095223080048761
CA-12265,2638.3272,8,329.7909,0.0016253555465258025,6.432329622104835
CA-12310,1421.954,4,355.4885,0.0008126777732629012,3.466771231206826
CA-12775,3041.566,7,434.50942857142854,0.0014221861032100772,7.415439252336448
CB-12025,5730.669,9,636.741,0.0018285249898415277,13.971561966680209
CB-12415,1949.2,8,243.65,0.0016253555465258025,4.752214546932141
CB-12535,4246.4555,8,530.8069375,0.0016253555465258025,10.353
CC-12100,1685.889,5,337.1778,0.0010158472165786266,4.110253555465258
CC-12145,2471.65,7,353.09285714285716,0.0014221861032100772,6.0259650548557495
CC-12220,3670.258,11,333.65981818181814,0.0022348638764729785,8.948211296221046
CC-12370,12129.072000000002,5,2425.8144,0.0010158472165786266,29.571081674116215
CC-12430,2870.05,10,287.005,0.0020316944331572532,6.997277529459569
CC-12475,1659.438,9,184.382,0.0018285249898415277,4.045765136123527
CC-12550,113.832,3,37.943999999999996,0.000609508329947176,0.2775262088581877
CC-12610,2540.631,7,362.94728571428567,0.0014221861032100772,6.194143031288093
CC-12670,2269.7015,7,324.24307142857145,0.0014221861032100772,5.533607882974401
CC-12685,2854.1150000000002,4,713.5287500000001,0.0008126777732629012,6.958427468508736
CD-11920,2033.968,5,406.7936,0.0010158472165786266,4.958881755383991
CD-11980,639.766,3,213.2553333333333,0.000609508329947176,1.5597708248679398
CD-12280,1205.584,2,602.792,0.0004063388866314506,2.9392539618041447
CD-12790,1860.732,5,372.14639999999997,0.0010158472165786266,4.536526615197074
CG-12040,904.4680000000001,6,150.7446666666667,0.001219016659894352,2.2051231206826496
CG-12520,1148.7800000000002,3,382.92666666666673,0.000609508329947176,2.8007639171068677
CH-12070,1537.236,3,512.412,0.000609508329947176,3.747832588378708
CJ-11875,16.52,1,16.52,0.0002031694433157253,0.040276310442909385
CJ-12010,11164.974,8,1395.62175,0.0016253555465258025,27.22057862657456
CK-12205,3154.855,13,242.68115384615385,0.002641202763104429,7.691641609101991
CK-12325,2945.321,5,589.0642,0.0010158472165786266,7.180790735473385
CK-12595,2372.75,11,215.70454545454547,0.0022348638764729785,5.784843559528647
CK-12760,1582.109,9,175.78988888888887,0.0018285249898415277,3.8572344575375856
CL-11890,1262.0140000000001,4,315.50350000000003,0.0008126777732629012,3.076832182039821
CL-12565,10880.546,12,906.7121666666667,0.002438033319788704,26.527133685493702
CL-12700,2335.586,4,583.8965,0.0008126777732629012,5.6942364892320185
CM-11815,1673.888,6,278.98133333333334,0.001219016659894352,4.080994717594474
CM-11935,565.392,2,282.696,0.0004063388866314506,1.378444534741975
CM-12115,1661.6100000000001,4,415.40250000000003,0.0008126777732629012,4.051060544494108
CM-12160,2533.314,6,422.219,0.001219016659894352,6.1763039414872
CM-12190,1475.144,6,245.85733333333334,0.001219016659894352,3.596450223486388
CM-12235,2305.712,5,461.1424,0.0010158472165786266,5.621402681836652
CM-12385,8954.019999999999,4,2238.5049999999997,0.0008126777732629012,21.830199106054444
CM-12445,287.99,3,95.99666666666667,0.000609508329947176,0.7021292157659489
CM-12655,5890.508,5,1178.1016,0.0010158472165786266,14.36125477448192
CM-12715,3984.4524,4,996.1131,0.0008126777732629012,9.714227712312068
CP-12085,5402.254,8,675.28175,0.0016253555465258025,13.170875253961803
CP-12340,5817.187,7,831.0267142857143,0.0014221861032100772,14.18249573344169
CR-12580,2148.852,4,537.213,0.0008126777732629012,5.238972775294595
CR-12625,475.9,3,158.63333333333333,0.000609508329947176,1.1602600568874442
CR-12730,1600.55,4,400.1375,0.0008126777732629012,3.90219422998781
CR-12820,1397.8724,3,465.9574666666667,0.000609508329947176,3.4080594880130026
CS-11845,1278.954,5,255.7908,0.0010158472165786266,3.118132466477042
CS-11860,537.632,6,89.60533333333332,0.001219016659894352,1.31076472978464
CS-11950,3036.547,11,276.0497272727273,0.0022348638764729785,7.40320276310443
CS-12130,884.64,4,221.16,0.0008126777732629012,2.156781796017879
CS-12175,844.4580000000001,5,168.8916,0.0010158472165786266,2.058816741162129
CS-12250,2754.216,12,229.518,0.002438033319788704,6.714870377895165
CS-12355,3202.1620000000003,11,291.1056363636364,0.0022348638764729785,7.806977651361236
CS-12400,3651.8585000000003,9,405.7620555555556,0.0018285249898415277,8.903352702153597
CS-12460,550.644,2,275.322,0.0004063388866314506,1.342488419341731
CS-12490,970.1105,4,242.527625,0.0008126777732629012,2.3651617228768793
CS-12505,5690.054999999999,6,948.3424999999999,0.001219016659894352,13.87254368143031
CT-11995,3241.898,8,405.23725,0.0016253555465258025,7.90385534335636
CV-12295,2830.6279999999997,5,566.1256,0.0010158472165786266,6.901165379926859
CV-12805,2370.3136,9,263.36817777777776,0.0018285249898415277,5.778903535148313
CW-11905,1136.592,6,189.43200000000002,0.001219016659894352,2.7710491670052826
CY-12745,2004.0819999999999,7,286.29742857142855,0.0014221861032100772,4.886018691588784
Co-12640,1300.076,5,260.0152,0.0010158472165786266,3.1696286062576187
DA-13450,156.76,4,39.19,0.0008126777732629012,0.3821861032100772
DB-12910,2171.599,8,271.449875,0.0016253555465258025,5.29443071921983
DB-12970,2469.6672,4,617.4168,0.0008126777732629012,6.021130922389272
DB-13060,4151.51,6,691.9183333333334,0.001219016659894352,10.121519707436002
DB-13120,2973.094,7,424.7277142857143,0.0014221861032100772,7.248502234863877
DB-13210,2332.577,10,233.25770000000003,0.0020316944331572532,5.686900446972776
DB-13270,4655.897,8,581.987125,0.0016253555465258025,11.351232019504266
DB-13360,1081.466,5,216.29319999999998,0.0010158472165786266,2.63665014221861
DB-13405,1711.692,4,427.923,0.0008126777732629012,4.173162129215767
DB-13555,3908.8028,7,558.4004,0.0014221861032100772,9.529791466883381
DB-13615,1989.05,7,284.15,0.0014221861032100772,4.8493701747257205
DB-13660,1155.202,7,165.02885714285713,0.0014221861032100772,2.81642096708655
DC-12850,3336.168,9,370.68533333333335,0.0018285249898415277,8.13368874441284
DC-13285,1174.618,5,234.9236,0.0010158472165786266,2.8637578220235675
DD-13570,269.542,6,44.92366666666666,0.001219016659894352,0.6571523770824867
DE-13255,2550.874,5,510.17479999999995,0.0010158472165786266,6.21911580658269
DF-13135,2390.534,3,796.8446666666667,0.000609508329947176,5.82820154408777
DG-13300,3195.818,5,639.1636000000001,0.0010158472165786266,7.791510767980498
DH-13075,3487.1980000000003,5,697.4396,0.0010158472165786266,8.501904916700529
DH-13675,1043.096,4,260.774,0.0008126777732629012,2.5431028037383174
DJ-13420,2012.52,4,503.13,0.0008126777732629012,4.906590816741161
DJ-13510,2501.6879999999996,8,312.71099999999996,0.0016253555465258025,6.099198699715562
DJ-13630,3356.398,3,1118.7993333333334,0.000609508329947176,8.183010158472166
DK-12835,3256.48,12,271.37333333333333,0.002438033319788704,7.939406745225518
DK-12895,4282.176,5,856.4352000000001,0.0010158472165786266,10.440087769199515
DK-12985,1687.04,5,337.408,0.0010158472165786266,4.113059731816335
DK-13090,2650.557,7,378.65099999999995,0.0014221861032100772,6.462146281999187
DK-13150,797.832,2,398.916,0.0004063388866314506,1.945140999593661
DK-13225,4802.394,9,533.5993333333333,0.0018285249898415277,11.708396586753352
DK-13375,3318.486,8,414.81075,0.0016253555465258025,8.090579439252336
DL-12865,444.024,7,63.432,0.0014221861032100772,1.0825453067858595
DL-12925,3272.2,6,545.3666666666667,0.001219016659894352,7.977732629012597
DL-13315,1458.258,8,182.28225,0.0016253555465258025,3.555281592848436
DL-13330,585.02,4,146.255,0.0008126777732629012,1.4262982527427874
DL-13495,3539.322,8,442.41525,0.0016253555465258025,8.628984965461195
DM-12955,1322.034,7,188.86200000000002,0.0014221861032100772,3.2231629418935395
DM-13015,6345.103,7,906.4432857142857,0.0014221861032100772,15.469572531491265
DM-13345,4074.4719999999998,8,509.30899999999997,0.0016253555465258025,9.93369849654612
DM-13525,1376.792,3,458.93066666666664,0.000609508329947176,3.3566647704185284
DN-13690,2139.79,7,305.6842857142857,0.0014221861032100772,5.21687931735067
DO-13435,1300.0315,9,144.44794444444446,0.0018285249898415277,3.1695201137748885
DO-13645,1267.316,7,181.04514285714285,0.0014221861032100772,3.089758634701341
DP-13000,897.524,8,112.1905,0.0016253555465258025,2.1881934173100364
DP-13105,2215.002,8,276.87525,0.0016253555465258025,5.400248679398619
DP-13165,1058.616,2,529.308,0.0004063388866314506,2.5809410808614386
DP-13390,5480.723999999999,9,608.9693333333332,0.0018285249898415277,13.362187728565619
DR-12880,6528.034000000001,9,725.3371111111112,0.0018285249898415277,15.915564404713532
DR-12940,8350.868,8,1043.8585,0.0016253555465258025,20.35969443315725
DS-13030,1762.213,4,440.55325,0.0008126777732629012,4.296334010564811
DS-13180,2881.8128,9,320.2014222222222,0.0018285249898415277,7.025955627793579
DV-13045,1119.483,5,223.89659999999998,0.0010158472165786266,2.729336854937017
DV-13465,3254.487,5,650.8974000000001,0.0010158472165786266,7.934547744819181
DW-13195,1080.751,6,180.12516666666667,0.001219016659894352,2.6349069483949616
DW-13480,5271.628,5,1054.3256,0.0010158472165786266,12.852404713531085
DW-13540,344.08,5,68.816,0.0010158472165786266,0.8388785046728973
DW-13585,1204.854,7,172.122,0.0014221861032100772,2.9374741974806993
Dl-13600,755.602,5,151.1204,0.0010158472165786266,1.842182852498984
Dp-13240,7198.7609999999995,11,654.4328181818181,0.0022348638764729785,17.550819179195447
EA-14035,2752.441,12,229.37008333333333,0.002438033319788704,6.7105428687525395
EB-13705,3644.978,9,404.99755555555555,0.0018285249898415277,8.886577813896789
EB-13750,3236.314,10,323.6314,0.0020316944331572532,7.890241365298659
EB-13840,964.448,4,241.112,0.0008126777732629012,2.3513563592035753
EB-13870,2767.219,10,276.7219,0.0020316944331572532,6.746572125152377
EB-13930,944.6000000000001,5,188.92000000000002,0.0010158472165786266,2.3029662738724097
EB-13975,1643.255,4,410.81375,0.0008126777732629012,4.0063104429093865
EB-14110,3071.126,6,511.8543333333334,0.001219016659894352,7.487507517269403
EB-14170,1186.326,6,197.721,0.001219016659894352,2.892302316131654
EC-14050,461.914,5,92.3828,0.0010158472165786266,1.1261617228768794
ED-13885,3484.92,8,435.615,0.0016253555465258025,8.49635107679805
EG-13900,1832.02,5,366.404,0.0010158472165786266,4.4665258025193015
EH-13765,9940.380000000001,10,994.0380000000001,0.0020316944331572532,24.23497765136124
EH-13945,684.1709999999999,8,85.52137499999999,0.0016253555465258025,1.6680316944331572
EH-13990,825.9499999999999,6,137.65833333333333,0.001219016659894352,2.0136936204794798
EH-14005,1219.53,7,174.21857142857144,0.0014221861032100772,2.973254774481918
EH-14125,3082.653,10,308.26529999999997,0.0020316944331572532,7.515610727346607
EH-14185,923.884,6,153.98066666666668,0.001219016659894352,2.252459975619667
EJ-13720,2162.174,4,540.5435,0.0008126777732629012,5.2714522551808205
EJ-14155,2656.691,5,531.3381999999999,0.0010158472165786266,6.47710117838277
EK-13795,1303.478,4,325.8695,0.0008126777732629012,3.17792279561154
EL-13735,124.28,2,62.14,0.0004063388866314506,0.3029987809833401
EM-13810,2567.0099999999998,5,513.4019999999999,0.0010158472165786266,6.258455912230799
EM-13825,2339.598,8,292.44975,0.0016253555465258025,5.704017878911012
EM-13960,933.704,5,186.74079999999998,0.0010158472165786266,2.2764014628199916
EM-14065,228.99,4,57.2475,0.0008126777732629012,0.5582852498984152
EM-14095,1041.0420000000001,4,260.26050000000004,0.0008126777732629012,2.538095083299472
EM-14140,4588.436000000001,6,764.7393333333334,0.001219016659894352,11.186759853718003
EM-14200,366.822,3,122.274,0.000609508329947176,0.894324258431532
EN-13780,2199.366,4,549.8415,0.0008126777732629012,5.362127590410402
EP-13915,5478.0608,17,322.23887058823533,0.00345388053636733,13.355694758228363
ER-13855,1245.788,3,415.2626666666667,0.000609508329947176,3.0372726533929297
ES-14020,3510.4579999999996,5,702.0916,0.0010158472165786266,8.558613571718814
ES-14080,4657.924,9,517.5471111111111,0.0018285249898415277,11.356173913043477
FA-14230,2984.054,7,426.2934285714286,0.0014221861032100772,7.275223080048761
FC-14245,3418.742,7,488.39171428571433,0.0014221861032100772,8.335006907761073
FC-14335,3889.366,7,555.6237142857143,0.0014221861032100772,9.482403900853312
FG-14260,1383.144,7,197.592,0.0014221861032100772,3.372151158065827
FH-14275,4256.272,10,425.6272,0.0020316944331572532,10.376932954083706
FH-14350,2271.284,4,567.821,0.0008126777732629012,5.537466070702966
FH-14365,6987.196,8,873.3995,0.0016253555465258025,17.03501665989435
FM-14215,2456.638,10,245.66379999999998,0.0020316944331572532,5.989365298659082
FM-14290,3736.198,9,415.1331111111111,0.0018285249898415277,9.108975213327914
FM-14380,2523.266,9,280.3628888888889,0.0018285249898415277,6.151806582689963
FO-14305,2678.438,10,267.8438,0.0020316944331572532,6.530121088988217
FP-14320,4046.746,8,505.84325,0.0016253555465258025,9.866101584721658
FW-14395,79.75,3,26.583333333333332,0.000609508329947176,0.1944331572531491
GA-14515,3797.2320000000004,5,759.4464,0.0010158472165786266,9.2577781389679
GA-14725,1398.382,11,127.12563636363637,0.0022348638764729785,3.4093019097927675
GB-14530,1568.44,11,142.58545454545455,0.0022348638764729785,3.823908980089395
GB-14575,4716.288,5,943.2575999999999,0.0010158472165786266,11.498467289719624
GD-14590,1888.07,4,472.0175,0.0008126777732629012,4.603177570093457
GG-14650,2224.0,9,247.11111111111111,0.0018285249898415277,5.422186103210077
GH-14410,2819.4669999999996,9,313.2741111111111,0.0018285249898415277,6.873954490044697
GH-14425,4172.8460000000005,4,1043.2115000000001,0.0008126777732629012,10.173537586347013
GH-14485,1361.2440000000001,2,680.6220000000001,0.0004063388866314506,3.3187582283624546
GH-14665,146.94080000000002,2,73.47040000000001,0.0004063388866314506,0.358246566436408
GK-14620,6497.27,9,721.9188888888889,0.0018285249898415277,15.840560747663552
GM-14440,3582.8199999999997,7,511.83142857142855,0.0014221861032100772,8.735034538805364
GM-14455,3078.624,6,513.1039999999999,0.001219016659894352,7.505787891101177
GM-14500,1255.682,10,125.5682,0.0020316944331572532,3.061394555058919
GM-14680,3163.628,6,527.2713333333334,0.001219016659894352,7.713030475416497
GM-14695,6049.966,3,2016.6553333333334,0.000609508329947176,14.750018691588785
GP-14740,236.53,2,118.265,0.0004063388866314506,0.5766680211296221
GR-14560,1284.38,2,642.19,0.0004063388866314506,3.1313612352702154
GT-14635,9351.212,3,3117.0706666666665,0.000609508329947176,22.798566436407963
GT-14710,11820.119999999999,11,1074.5563636363636,0.0022348638764729785,28.81784640390085
GT-14755,226.436,4,56.609,0.0008126777732629012,0.5520585127996749
GW-14605,2189.019,7,312.717,0.0014221861032100772,5.336901259650548
GZ-14470,4355.150000000001,9,483.9055555555556,0.0018285249898415277,10.618000812677774
GZ-14545,2454.6220000000003,4,613.6555000000001,0.0008126777732629012,5.984450223486388
HA-14905,2163.3,7,309.04285714285714,0.0014221861032100772,5.274197480698903
HA-14920,2584.158,8,323.01975,0.0016253555465258025,6.300263307598537
HD-14785,251.36,3,83.78666666666668,0.000609508329947176,0.6128240552620886
HE-14800,755.462,3,251.82066666666665,0.000609508329947176,1.8418415278342137
HF-14995,2533.1639999999998,7,361.8805714285714,0.0014221861032100772,6.17593823648923
HG-14845,785.628,5,157.12560000000002,0.0010158472165786266,1.9153872409589603
HG-14965,3247.642,12,270.6368333333333,0.002438033319788704,7.917859406745225
HG-15025,3690.284,7,527.1834285714286,0.0014221861032100772,8.997035351483138
HH-15010,218.668,2,109.334,0.0004063388866314506,0.5331198699715562
HJ-14875,358.1,5,71.62,0.0010158472165786266,0.8730597318163349
HK-14890,4877.784,8,609.723,0.0016253555465258025,11.892199918732222
HL-15040,12873.297999999999,6,2145.5496666666663,0.001219016659894352,31.385529459569277
HM-14860,8236.7648,10,823.6764800000001,0.0020316944331572532,20.081507029662742
HM-14980,736.276,4,184.069,0.0008126777732629012,1.7950654205607475
HP-14815,1990.314,7,284.33057142857143,0.0014221861032100772,4.852451848841934
HR-14770,940.588,4,235.147,0.0008126777732629012,2.2931848841934173
HR-14830,5248.787,7,749.8267142857143,0.0014221861032100772,12.796717594473792
HW-14935,4827.934,7,689.7048571428571,0.0014221861032100772,11.770663957740755
HZ-14950,886.52,5,177.304,0.0010158472165786266,2.1613652986590814
IG-15085,744.574,4,186.1435,0.0008126777732629012,1.8152962210483543
IL-15100,5040.736,7,720.1051428571428,0.0014221861032100772,12.28948232425843
IM-15055,48.4,2,24.2,0.0004063388866314506,0.11800081267777326
IM-15070,4930.474,7,704.3534285714286,0.0014221861032100772,12.02065989435189
JA-15970,6491.026,8,811.37825,0.0016253555465258025,15.82533766761479
JB-15400,1791.605,10,179.1605,0.0020316944331572532,4.367992685900041
JB-15925,900.552,3,300.184,0.000609508329947176,2.195575782202357
JB-16000,644.1188,7,92.01697142857142,0.0014221861032100772,1.570383096302316
JB-16045,2518.115,5,503.62299999999993,0.0010158472165786266,6.1392482730597315
JC-15340,71.263,4,17.81575,0.0008126777732629012,0.1737415684681024
JC-15385,1058.108,1,1058.108,0.0002031694433157253,2.5797025599349857
JC-15775,2772.055,9,308.00611111111107,0.0018285249898415277,6.758362454286874
JC-16105,858.576,5,171.7152,0.0010158472165786266,2.0932368955709064
JD-15790,2152.352,5,430.4704,0.0010158472165786266,5.247505891913857
JD-15895,7610.8640000000005,11,691.8967272727273,0.0022348638764729785,18.555540024380335
JD-16015,385.43,6,64.23833333333333,0.001219016659894352,0.93969118244616
JD-16060,695.442,3,231.814,0.000609508329947176,1.6955107679804957
JD-16150,8828.0305,8,1103.5038125,0.0016253555465258025,21.52303250711093
JE-15475,1388.682,6,231.447,0.001219016659894352,3.3856529865908174
JE-15610,7754.976,7,1107.8537142857142,0.0014221861032100772,18.90688988216172
JE-15715,8697.842999999999,10,869.7842999999999,0.0020316944331572532,21.205631044290936
JE-15745,6760.8150000000005,13,520.0626923076924,0.002641202763104429,16.483092238927266
JE-16165,2697.248,3,899.0826666666667,0.000609508329947176,6.575980495733441
JF-15190,2239.606,6,373.2676666666667,0.001219016659894352,5.4602340511987
JF-15295,955.124,5,191.0248,0.0010158472165786266,2.328624136529866
JF-15355,1911.844,6,318.6406666666667,0.001219016659894352,4.661139374238115
JF-15415,2309.432,5,461.8864,0.0010158472165786266,5.630472165786266
JF-15490,890.95,10,89.095,0.0020316944331572532,2.172165786265746
JF-15565,4198.332,8,524.7915,0.0016253555465258025,10.235673303535147
JG-15115,2358.676,3,786.2253333333333,0.000609508329947176,5.750530678585941
JG-15160,6366.392,11,578.762909090909,0.0022348638764729785,15.521475822836244
JG-15310,2240.58,6,373.43,0.001219016659894352,5.462608695652174
JG-15805,1507.018,6,251.16966666666667,0.001219016659894352,3.674160097521333
JH-15430,309.281,4,77.32025,0.0008126777732629012,0.7540373831775701
JH-15820,528.91,6,88.15166666666666,0.001219016659894352,1.2895002031694431
JH-15910,959.477,7,137.06814285714285,0.0014221861032100772,2.339236895570906
JH-15985,7954.9980000000005,6,1325.833,0.001219016659894352,19.394550182852498
JH-16180,2256.3940000000002,4,564.0985000000001,0.0008126777732629012,5.501163754571312
JJ-15445,709.178,5,141.8356,0.0010158472165786266,1.7289995936611136
JJ-15760,195.0,2,97.5,0.0004063388866314506,0.4754164973587972
JK-15205,4262.2919999999995,4,1065.5729999999999,0.0008126777732629012,10.391609914668832
JK-15325,383.812,3,127.93733333333334,0.000609508329947176,0.935746444534742
JK-15370,2136.458,7,305.20828571428575,0.0014221861032100772,5.2087557903291355
JK-15625,3760.028,7,537.1468571428571,0.0014221861032100772,9.167073547338479
JK-15640,4760.434,9,528.9371111111111,0.0018285249898415277,11.606096708655018
JK-15730,4769.9,9,529.9888888888888,0.0018285249898415277,11.629175132060137
JK-16090,3747.668,3,1249.2226666666668,0.000609508329947176,9.136939455505892
JK-16120,2932.484,10,293.2484,0.0020316944331572532,7.149493701747257
JL-15130,1214.956,6,202.49266666666665,0.001219016659894352,2.9621032100772045
JL-15175,1571.523,5,314.3046,0.0010158472165786266,3.8314254368143033
JL-15235,2203.7,5,440.73999999999995,0.0010158472165786266,5.372694026818366
JL-15505,3173.874,6,528.9789999999999,0.001219016659894352,7.738010564811052
JL-15835,9576.343,10,957.6343,0.0020316944331572532,23.347443315725318
JL-15850,2725.256,6,454.2093333333333,0.001219016659894352,6.644264932954083
JM-15250,3159.1220000000003,6,526.5203333333334,0.001219016659894352,7.702044697277531
JM-15265,1804.146,5,360.8292,0.0010158472165786266,4.398568061763511
JM-15535,1733.443,7,247.6347142857143,0.0014221861032100772,4.2261917919544905
JM-15580,303.948,5,60.78959999999999,0.0010158472165786266,0.7410353514831369
JM-15655,864.947,5,172.9894,0.0010158472165786266,2.10876960585128
JM-15865,7625.076000000001,7,1089.2965714285715,0.0014221861032100772,18.590189353921172
JM-16195,2833.9260000000004,10,283.3926,0.0020316944331572532,6.909206013815522
JO-15145,3254.949,9,361.661,0.0018285249898415277,7.935674116212922
JO-15280,1934.272,6,322.3786666666667,0.001219016659894352,4.7158195855343354
JO-15550,1090.838,5,218.1676,0.0010158472165786266,2.65949939049167
JP-15460,1669.135,7,238.44785714285715,0.0014221861032100772,4.0694067452255185
JP-15520,3635.594,7,519.3705714285715,0.0014221861032100772,8.863699309223893
JP-16135,1707.71,9,189.74555555555557,0.0018285249898415277,4.163453880536368
JR-15670,1156.658,2,578.329,0.0004063388866314506,2.819970743600162
JR-15700,863.88,1,863.88,0.0002031694433157253,2.1061682242990654
JR-16210,2201.686,5,440.33720000000005,0.0010158472165786266,5.367783827712312
JS-15595,1417.654,4,354.4135,0.0008126777732629012,3.456287687931735
JS-15685,990.1959999999999,3,330.0653333333333,0.000609508329947176,2.414130841121495
JS-15880,3868.02,5,773.604,0.0010158472165786266,9.430361641609103
JS-15940,469.169,5,93.8338,0.0010158472165786266,1.1438496546119463
JS-16030,2516.494,6,419.4156666666667,0.001219016659894352,6.135296221048355
JW-15220,7721.714,6,1286.9523333333334,0.001219016659894352,18.82579601787891
JW-15955,1049.2379999999998,6,174.87299999999996,0.001219016659894352,2.5580772043884594
JW-16075,1428.731,4,357.18275,0.0008126777732629012,3.483293783015035
KA-16525,1519.506,7,217.07228571428573,0.0014221861032100772,3.7046062576188543
KB-16240,3152.6150000000002,7,450.37357142857144,0.0014221861032100772,7.686180414465664
KB-16315,1569.464,9,174.3848888888889,0.0018285249898415277,3.826405526208858
KB-16405,908.821,3,302.94033333333334,0.000609508329947176,2.2157358797236895
KB-16585,2744.742,12,228.72850000000003,0.002438033319788704,6.691772450223487
KB-16600,983.922,7,140.56028571428573,0.0014221861032100772,2.398834620073141
KC-16255,2120.954,6,353.49233333333336,0.001219016659894352,5.170956521739131
KC-16540,3908.262,4,977.0655,0.0008126777732629012,9.52847297846404
KC-16675,1146.05,4,286.5125,0.0008126777732629012,2.7941080861438437
KD-16270,8282.358,5,1656.4716,0.0010158472165786266,20.19266477041853
KD-16345,1888.964,6,314.82733333333334,0.001219016659894352,4.60535717188135
KD-16495,8181.256,12,681.7713333333334,0.002438033319788704,19.946174725721253
KD-16615,907.158,4,226.7895,0.0008126777732629012,2.211681430312881
KE-16420,1453.2812000000001,7,207.6116,0.0014221861032100772,3.5431479886225112
KF-16285,10604.266,7,1514.895142857143,0.0014221861032100772,25.853553839902478
KH-16330,3312.864,8,414.108,0.0016253555465258025,8.076872815928485
KH-16360,3100.612,6,516.7686666666667,0.001219016659894352,7.559395367736694
KH-16510,5229.695000000001,6,871.6158333333334,0.001219016659894352,12.750170662332387
KH-16630,3918.9660000000003,9,435.4406666666667,0.0018285249898415277,9.554569687119058
KH-16690,5990.799,7,855.8284285714286,0.0014221861032100772,14.605767574156847
KL-16555,5016.488,8,627.061,0.0016253555465258025,12.230364892320196
KL-16645,14175.229000000001,12,1181.2690833333334,0.002438033319788704,34.55968061763511
KM-16225,2260.958,6,376.82633333333337,0.001219016659894352,5.5122909386428285
KM-16375,5620.186,8,702.52325,0.0016253555465258025,13.702200731409995
KM-16660,453.538,5,90.7076,0.0010158472165786266,1.1057407557903292
KM-16720,4909.472,8,613.684,0.0016253555465258025,11.969456318569685
KN-16390,2224.0860000000002,8,278.01075000000003,0.0016253555465258025,5.4223957740755795
KN-16450,2171.962,5,434.3924,0.0010158472165786266,5.2953157253149135
KN-16705,2003.01,7,286.14428571428573,0.0014221861032100772,4.8834051198699715
KS-16300,88.472,3,29.490666666666666,0.000609508329947176,0.2156976838683462
KT-16465,3057.1,7,436.7285714285714,0.0014221861032100772,7.453311661926046
KT-16480,4642.088400000001,10,464.20884000000007,0.0020316944331572532,11.317566192604634
KW-16435,4416.5199999999995,5,883.3039999999999,0.0010158472165786266,10.767622917513204
KW-16570,449.096,4,112.274,0.0008126777732629012,1.0949110117838277
LA-16780,8673.222,11,788.4747272727273,0.0022348638764729785,21.145604225924423
LB-16735,50.188,3,16.729333333333333,0.000609508329947176,0.12236001625355546
LB-16795,4985.676,8,623.2095,0.0016253555465258025,12.155244209670867
LC-16870,2580.7039999999997,8,322.58799999999997,0.0016253555465258025,6.291842340511986
LC-16885,7663.126,12,638.5938333333334,0.002438033319788704,18.682956521739133
LC-16930,4492.946,8,561.61825,0.0016253555465258025,10.953952052011378
LC-16960,3246.626,4,811.6565,0.0008126777732629012,7.91538236489232
LC-17050,2095.064,5,419.01279999999997,0.0010158472165786266,5.107835839089801
LC-17140,2633.582,9,292.6202222222222,0.0018285249898415277,6.420760666395774
LD-16855,5.304,1,5.304,0.0002031694433157253,0.012931328728159285
LD-17005,1961.934,4,490.4835,0.0008126777732629012,4.7832604632263305
LE-16810,1469.45,6,244.90833333333333,0.001219016659894352,3.582568061763511
LF-17185,3930.5089999999996,7,561.5012857142857,0.0014221861032100772,9.582711905729377
LH-16750,287.426,3,95.80866666666667,0.000609508329947176,0.700754164973588
LH-16900,2295.332,9,255.03688888888888,0.0018285249898415277,5.596095895977244
LH-17020,318.239,4,79.55975,0.0008126777732629012,0.7758772856562373
LH-17155,1739.689,9,193.2987777777778,0.0018285249898415277,4.241419748069891
LL-16840,2454.554,5,490.9108,0.0010158472165786266,5.9842844372206425
LM-17065,1346.774,5,269.35479999999995,0.0010158472165786266,3.283479886225111
LO-17170,644.35,5,128.87,0.0010158472165786266,1.5709467696058512
LP-17080,756.606,4,189.1515,0.0008126777732629012,1.844630637952052
LP-17095,3104.439,6,517.4064999999999,0.001219016659894352,7.568725721251523
LR-16915,5142.892,6,857.1486666666666,0.001219016659894352,12.538542056074768
LR-17035,1879.306,5,375.8612,0.0010158472165786266,4.58181064607883
LS-16945,2845.27,6,474.21166666666664,0.001219016659894352,6.936863063795205
LS-16975,2988.674,9,332.0748888888889,0.0018285249898415277,7.286486793986184
LS-17200,1010.2560000000001,6,168.376,0.001219016659894352,2.463037789516457
LS-17230,368.88000000000005,3,122.96000000000002,0.000609508329947176,0.8993417310036572
LS-17245,1008.1360000000001,6,168.02266666666668,0.001219016659894352,2.4578691588785047
LT-16765,329.876,3,109.95866666666666,0.000609508329947176,0.8042486793986184
LT-17110,2936.252,8,367.0315,0.0016253555465258025,7.158680211296222
LW-16825,2238.061,5,447.61220000000003,0.0010158472165786266,5.456467289719627
LW-16990,3230.308,6,538.3846666666667,0.001219016659894352,7.875598537180008
LW-17125,1259.04,3,419.68,0.000609508329947176,3.06958147094677
LW-17215,5420.514,7,774.3591428571428,0.0014221861032100772,13.215393742381146
MA-17560,4299.161,11,390.8328181818182,0.0022348638764729785,10.481497765136124
MA-17995,2453.284,6,408.8806666666667,0.001219016659894352,5.98118813490451
MB-17305,1548.702,10,154.8702,0.0020316944331572532,3.7757870784234058
MB-18085,1428.231,7,204.033,0.0014221861032100772,3.48207476635514
MC-17275,2725.982,8,340.74775,0.0016253555465258025,6.646034945144249
MC-17425,4432.138,5,886.4276,0.0010158472165786266,10.805700121901666
MC-17575,1303.893,8,162.986625,0.0016253555465258025,3.178934579439252
MC-17590,2426.067,6,404.3445,0.001219016659894352,5.914832182039821
MC-17605,2258.192,8,282.274,0.0016253555465258025,5.505547338480293
MC-17635,795.154,4,198.7885,0.0008126777732629012,1.938611946363267
MC-17845,3805.714,7,543.6734285714285,0.0014221861032100772,9.278457537586347
MC-18100,2218.98,10,221.898,0.0020316944331572532,5.409947175944739
MC-18130,1581.9979999999998,5,316.39959999999996,0.0010158472165786266,3.85696383583909
MD-17350,2716.412,6,452.7353333333333,0.001219016659894352,6.622702966273872
MD-17860,1204.91,5,240.98200000000003,0.0010158472165786266,2.9376107273466077
ME-17320,10663.728000000001,10,1066.3728,0.0020316944331572532,25.99852417716376
ME-17725,1908.4532,8,238.55665,0.0016253555465258025,4.652872490857375
ME-18010,1256.944,4,314.236,0.0008126777732629012,3.064471353108493
MF-17665,937.039,5,187.4078,0.0010158472165786266,2.2845323039414875
MF-18250,1758.3,5,351.65999999999997,0.0010158472165786266,4.2867939861844775
MG-17650,3785.276,7,540.7537142857143,0.0014221861032100772,9.228629012596505
MG-17680,2350.188,4,587.547,0.0008126777732629012,5.729836651767574
MG-17695,1342.282,3,447.4273333333333,0.000609508329947176,3.272528240552621
MG-17875,1242.8329999999999,5,248.56659999999997,0.0010158472165786266,3.030068264932954
MG-17890,776.384,9,86.26488888888889,0.0018285249898415277,1.892850060950833
MG-18145,3061.543,4,765.38575,0.0008126777732629012,7.464143843965868
MG-18205,16.739,1,16.739,0.0002031694433157253,0.04081023973994311
MH-17290,1691.505,5,338.30100000000004,0.0010158472165786266,4.123945550589192
MH-17440,400.016,4,100.004,0.0008126777732629012,0.9752523364485981
MH-17455,2146.694,7,306.6705714285714,0.0014221861032100772,5.233711499390491
MH-17620,1252.8,4,313.2,0.0008126777732629012,3.0543681430312875
MH-17785,2203.7780000000002,7,314.82542857142863,0.0014221861032100772,5.3728841934173115
MH-18025,2984.948,5,596.9896,0.0010158472165786266,7.2774026818366515
MH-18115,5503.093,9,611.4547777777777,0.0018285249898415277,13.416724095895976
MJ-17740,6320.746,7,902.9637142857143,0.0014221861032100772,15.410189353921169
MK-17905,2302.368,8,287.796,0.0016253555465258025,5.613249898415278
MK-18160,1031.602,4,257.9005,0.0008126777732629012,2.5150800487606664
ML-17395,2722.843,9,302.5381111111111,0.0018285249898415277,6.638381958553433
ML-17410,2885.26,5,577.052,0.0010158472165786266,7.034360016253556
ML-17755,2071.9139999999998,7,295.9877142857143,0.0014221861032100772,5.051395367736692
ML-18040,742.082,3,247.36066666666667,0.000609508329947176,1.8092206420154409
ML-18265,162.232,2,81.116,0.0004063388866314506,0.395527021535961
MM-17260,1314.023,4,328.50575,0.0008126777732629012,3.2036318569687117
MM-17920,3640.2560000000003,10,364.02560000000005,0.0020316944331572532,8.875065420560748
MM-18055,2749.881,8,343.735125,0.0016253555465258025,6.70430150345388
MM-18280,775.414,9,86.1571111111111,0.0018285249898415277,1.8904851686306376
MN-17935,2477.946,6,412.991,0.001219016659894352,6.041314912637139
MO-17500,922.487,4,230.62175,0.0008126777732629012,2.2490540430719217
MO-17800,1687.0269999999998,8,210.87837499999998,0.0016253555465258025,4.113028037383177
MO-17950,154.288,2,77.144,0.0004063388866314506,0.37615928484355954
MP-17470,2945.822,6,490.9703333333334,0.001219016659894352,7.182012190166599
MP-17965,3983.6420000000003,9,442.6268888888889,0.0018285249898415277,9.712251930109712
MP-18175,4757.332,8,594.6665,0.0016253555465258025,11.598533929297034
MR-17545,639.178,4,159.7945,0.0008126777732629012,1.5583372612759039
MS-17365,7443.6900000000005,10,744.369,0.0020316944331572532,18.147964242177977
MS-17530,475.65599999999995,4,118.91399999999999,0.0008126777732629012,1.1596651767574155
MS-17710,1613.402,6,268.9003333333333,0.001219016659894352,3.9335278342137343
MS-17770,3144.678,9,349.40866666666665,0.0018285249898415277,7.666829744006501
MS-17830,370.348,4,92.587,0.0008126777732629012,0.9029207639171069
MS-17980,855.116,6,142.51933333333332,0.001219016659894352,2.084801300284437
MT-17815,2890.139,6,481.68983333333335,0.001219016659894352,7.046255180820806
MT-18070,1319.4498,4,329.86245,0.0008126777732629012,3.2168625761885417
MV-17485,1560.05,9,173.33888888888887,0.0018285249898415277,3.8034538805363667
MV-18190,1734.574,7,247.79628571428572,0.0014221861032100772,4.228949207639172
MW-18220,5341.900000000001,7,763.1285714285715,0.0014221861032100772,13.023730190979276
MW-18235,5253.876,2,2626.938,0.0004063388866314506,12.809124746038195
MY-17380,2254.285,7,322.0407142857143,0.0014221861032100772,5.496021942299878
MY-18295,3601.88,10,360.188,0.0020316944331572532,8.781503453880537
MZ-17335,593.606,4,148.4015,0.0008126777732629012,1.4472312068264932
MZ-17515,2564.906,6,427.4843333333333,0.001219016659894352,6.253326290125965
NB-18580,273.87199999999996,2,136.93599999999998,0.0004063388866314506,0.6677090613571718
NB-18655,1972.599,9,219.17766666666665,0.0018285249898415277,4.809262088581876
NC-18340,2461.404,5,492.2808,0.0010158472165786266,6.000984965461195
NC-18415,2218.9900000000002,6,369.8316666666667,0.001219016659894352,5.409971556277936
NC-18535,8241.739,7,1177.3912857142857,0.0014221861032100772,20.093634295002033
NC-18625,1821.742,5,364.34839999999997,0.0010158472165786266,4.441467696058512
ND-18370,4326.139,9,480.6821111111111,0.0018285249898415277,10.547271028037382
ND-18460,2893.455,6,482.2425,0.001219016659894352,7.054339699309224
NF-18385,8080.474,6,1346.7456666666667,0.001219016659894352,19.700464851686306
NF-18475,377.16200000000003,4,94.29050000000001,0.0008126777732629012,0.9195335229581472
NF-18595,2031.472,7,290.2102857142857,0.0014221861032100772,4.952796424217797
NG-18355,1869.58,5,373.916,0.0010158472165786266,4.558098334010565
NG-18430,1395.9379999999999,5,279.1876,0.0010158472165786266,3.403343356359204
NH-18610,2518.6659999999997,6,419.7776666666666,0.001219016659894352,6.140591629418935
NK-18490,572.048,7,81.72114285714285,0.0014221861032100772,1.3946720845184881
NL-18310,1418.0900000000001,4,354.52250000000004,0.0008126777732629012,3.4573506704591637
NM-18445,6459.344,7,922.7634285714286,0.0014221861032100772,15.748095895977244
NM-18520,2161.979,10,216.19789999999998,0.0020316944331572532,5.2709768386834615
NP-18325,5529.62,6,921.6033333333334,0.001219016659894352,13.481397805770014
NP-18670,3908.402,5,781.6804,0.0010158472165786266,9.52881430312881
NP-18685,1164.73,5,232.946,0.0010158472165786266,2.839650548557497
NP-18700,7903.1825,7,1129.0260714285714,0.0014221861032100772,19.268222267370987
NR-18550,2367.277,5,473.4554,0.0010158472165786266,5.771500203169444
NS-18505,2575.863,4,643.96575,0.0008126777732629012,6.28003982121089
NS-18640,2857.753,12,238.14608333333334,0.002438033319788704,6.967297033726128
NW-18400,7234.014,7,1033.4305714285715,0.0014221861032100772,17.63676716781796
NZ-18565,2488.31,9,276.4788888888889,0.0018285249898415277,6.06658268996343
ON-18715,1567.52,9,174.1688888888889,0.0018285249898415277,3.821665989435189
OT-18730,3818.624,5,763.7248,0.0010158472165786266,9.309932547744818
PA-19060,729.408,6,121.568,0.001219016659894352,1.778321007720439
PB-18805,740.356,3,246.78533333333334,0.000609508329947176,1.8050125965054857
PB-19105,688.324,4,172.081,0.0008126777732629012,1.6781568468102395
PB-19150,1456.95,8,182.11875,0.0016253555465258025,3.5520926452661516
PB-19210,132.738,2,66.369,0.0004063388866314506,0.32361966680211296
PC-18745,1832.064,4,458.016,0.0008126777732629012,4.466633075985372
PC-19000,1061.488,2,530.744,0.0004063388866314506,2.587943112555872
PF-19120,9062.864,4,2265.716,0.0008126777732629012,22.095564404713528
PF-19165,2770.0,6,461.6666666666667,0.001219016659894352,6.753352295814709
PF-19225,2206.1279999999997,5,441.22559999999993,0.0010158472165786266,5.378613571718812
PG-18820,3086.907,13,237.45438461538464,0.002641202763104429,7.5259821210889895
PG-18895,1987.164,9,220.796,0.0018285249898415277,4.8447720438846
PH-18790,729.648,1,729.648,0.0002031694433157253,1.7789061357171883
PJ-18835,1220.09,8,152.51125,0.0016253555465258025,2.9746200731409993
PJ-19015,1677.536,6,279.58933333333334,0.001219016659894352,4.089888663145063
PK-18910,1441.152,2,720.576,0.0004063388866314506,3.5135765948801296
PK-19075,8646.934,12,720.5778333333333,0.002438033319788704,21.081513206013813
PL-18925,239.481,5,47.8962,0.0010158472165786266,0.5838626574563186
PM-18940,1405.402,3,468.46733333333333,0.000609508329947176,3.426416903697684
PM-19135,4115.662,4,1028.9155,0.0008126777732629012,10.034121088988217
PN-18775,1467.152,8,183.394,0.0016253555465258025,3.5769654611946358
PO-18850,7473.8282,11,679.4389272727273,0.0022348638764729785,18.22144217797643
PO-18865,2493.214,7,356.1734285714286,0.0014221861032100772,6.078538805363673
PO-19180,4893.043,9,543.6714444444444,0.0018285249898415277,11.929401869158879
PO-19195,1056.858,5,211.3716,0.0010158472165786266,2.57665501828525
PP-18955,7252.608,10,725.2608,0.0020316944331572532,17.682099959366113
PR-18880,1840.178,5,368.03560000000004,0.0010158472165786266,4.486415278342138
PS-18760,2181.479,6,363.5798333333333,0.001219016659894352,5.3185184884193415
PS-18970,1278.639,8,159.829875,0.0016253555465258025,3.117364485981308
PS-19045,6843.634,7,977.662,0.0014221861032100772,16.685007720438847
PT-19090,158.46,3,52.82,0.000609508329947176,0.386330759853718
PV-18985,2876.046,5,575.2092,0.0010158472165786266,7.011895977245023
PW-19030,3454.916,10,345.4916,0.0020316944331572532,8.42320032507111
PW-19240,3922.4150000000004,7,560.345,0.0014221861032100772,9.56297846403901
QJ-19255,6108.338,9,678.7042222222221,0.0018285249898415277,14.89233157253149
RA-19285,2617.906,9,290.8784444444444,0.0018285249898415277,6.382542056074765
RA-19885,3546.224,6,591.0373333333333,0.001219016659894352,8.645812271434377
RA-19915,4793.543,9,532.6158888888889,0.0018285249898415277,11.686817553839902
RA-19945,1686.9225,5,337.3845,0.0010158472165786266,4.11277326290126
RB-19330,1008.1959999999999,2,504.09799999999996,0.0004063388866314506,2.4580154408776917
RB-19360,15117.339,6,2519.5565,0.001219016659894352,36.85657618854124
RB-19435,1864.156,7,266.308,0.0014221861032100772,4.544874441284031
RB-19465,4715.466,12,392.95550000000003,0.002438033319788704,11.49646322633076
RB-19570,528.546,5,105.70920000000001,0.0010158472165786266,1.2886127590410403
RB-19645,221.084,5,44.2168,0.0010158472165786266,0.5390101584721658
RB-19705,2067.45,4,516.8625,0.0008126777732629012,5.0405119869971555
RB-19795,5633.316000000001,8,704.1645000000001,0.0016253555465258025,13.734212108898822
RC-19825,966.409,6,161.06816666666666,0.001219016659894352,2.3561373425436813
RC-19960,652.644,4,163.161,0.0008126777732629012,1.5911678179601787
RD-19480,4272.93,8,534.11625,0.0016253555465258025,10.417545713124746
RD-19585,2832.904,9,314.7671111111111,0.0018285249898415277,6.906714343762697
RD-19660,2745.892,4,686.473,0.0008126777732629012,6.694576188541243
RD-19720,1419.737,10,141.9737,0.0020316944331572532,3.4613661113368552
RD-19810,1137.616,8,142.202,0.0016253555465258025,2.773545713124746
RD-19900,3133.924,9,348.21377777777775,0.0018285249898415277,7.640611133685493
RD-19930,970.9420000000001,4,242.73550000000003,0.0008126777732629012,2.367188947582284
RE-19405,48.36,1,48.36,0.0002031694433157253,0.1179032913449817
RE-19450,666.52,4,166.63,0.0008126777732629012,1.6249979683055669
RF-19345,3309.15,8,413.64375,0.0016253555465258025,8.06781796017879
RF-19735,2341.2960000000003,7,334.4708571428572,0.0014221861032100772,5.7081576594880135
RF-19840,938.862,7,134.12314285714285,0.0014221861032100772,2.288976838683462
RH-19495,3621.3759999999997,5,724.2751999999999,0.0010158472165786266,8.829035351483137
RH-19510,6979.18,6,1163.1966666666667,0.001219016659894352,17.015473384802924
RH-19555,740.382,2,370.191,0.0004063388866314506,1.8050759853718001
RH-19600,2085.7400000000002,3,695.2466666666668,0.000609508329947176,5.085103616416092
RK-19300,1460.192,3,486.73066666666665,0.000609508329947176,3.5599967492889064
RL-19615,6234.91,8,779.36375,0.0016253555465258025,15.200918325883787
RM-19375,1453.474,6,242.24566666666666,0.001219016659894352,3.5436180414465666
RM-19675,5979.0960000000005,5,1195.8192000000001,0.0010158472165786266,14.577235270215363
RM-19750,98.35,1,98.35,0.0002031694433157253,0.239780577001219
RO-19780,3815.478,7,545.0682857142857,0.0014221861032100772,9.302262494920765
RP-19270,954.6452,4,238.6613,0.0008126777732629012,2.327456806176351
RP-19390,5153.084,12,429.42366666666663,0.002438033319788704,12.563390491670052
RP-19855,2055.356,7,293.62228571428574,0.0014221861032100772,5.011026412027631
RR-19315,615.932,2,307.966,0.0004063388866314506,1.5016627387240957
RR-19525,3302.2619999999997,6,550.377,0.001219016659894352,8.051024786672084
RS-19420,3221.29,5,644.258,0.0010158472165786266,7.853612352702154
RS-19765,4159.7699999999995,8,519.9712499999999,0.0016253555465258025,10.141657862657453
RS-19870,22.328,2,11.164,0.0004063388866314506,0.05443640796424218
RW-19540,7397.401,7,1056.7715714285714,0.0014221861032100772,18.03511011783828
RW-19630,3279.746,9,364.41622222222225,0.0018285249898415277,7.996130028443721
RW-19690,3495.646,5,699.1292000000001,0.0010158472165786266,8.522501422186105
SA-20830,4767.3415,10,476.73415000000006,0.0020316944331572532,11.622937423811461
SB-20170,1348.02,3,449.34,0.000609508329947176,3.2865176757415684
SB-20185,6410.996,6,1068.4993333333334,0.001219016659894352,15.630221861032103
SB-20290,8057.891,7,1151.1272857142856,0.0014221861032100772,19.645406745225515
SC-20020,3362.9636,5,672.59272,0.0010158472165786266,8.19901731003657
SC-20050,4624.572,9,513.8413333333333,0.0018285249898415277,11.274860625761884
SC-20095,14142.333999999999,9,1571.3704444444443,0.0018285249898415277,34.47948151158065
SC-20230,4371.9580000000005,4,1092.9895000000001,0.0008126777732629012,10.658979276716781
SC-20260,3729.7929999999997,8,466.22412499999996,0.0016253555465258025,9.093359609914668
SC-20305,3650.473,6,608.4121666666666,0.001219016659894352,8.899974806989029
SC-20380,5992.536,9,665.8373333333334,0.0018285249898415277,14.61000243803332
SC-20440,1874.998,7,267.85685714285717,0.0014221861032100772,4.57130759853718
SC-20575,799.798,4,199.9495,0.0008126777732629012,1.9499341731003654
SC-20680,1254.64,6,209.10666666666668,0.001219016659894352,3.0588541243396996
SC-20695,2576.408,10,257.6408,0.0020316944331572532,6.281368549370175
SC-20725,5226.21,11,475.11,0.0022348638764729785,12.741674116212923
SC-20770,4492.657,7,641.8081428571429,0.0014221861032100772,10.95324746038196
SC-20800,279.25600000000003,4,69.81400000000001,0.0008126777732629012,0.6808354327509143
SC-20845,14.112,1,14.112,0.0002031694433157253,0.034405526208858186
SD-20485,6121.114,9,680.1237777777777,0.0018285249898415277,14.92347988622511
SE-20110,12209.438000000002,11,1109.9489090909092,0.0022348638764729785,29.76701665989436
SF-20065,763.5459999999999,7,109.07799999999999,0.0014221861032100772,1.8615505891913855
SF-20200,3422.7859999999996,9,380.3095555555555,0.0018285249898415277,8.344866314506298
SF-20965,3336.535,9,370.7261111111111,0.0018285249898415277,8.134583502641203
SG-20080,3406.5809999999997,3,1135.5269999999998,0.000609508329947176,8.305357984559121
SG-20470,1884.798,8,235.59975,0.0016253555465258025,4.595200325071109
SG-20605,3118.892,5,623.7783999999999,0.0010158472165786266,7.60396261682243
SG-20890,47.946,3,15.982,0.000609508329947176,0.11689394555058918
SH-19975,2465.6594999999998,12,205.471625,0.002438033319788704,6.011360016253556
SH-20395,2180.718,10,218.0718,0.0020316944331572532,5.316663145062982
SH-20635,2096.392,2,1048.196,0.0004063388866314506,5.11107354733848
SJ-20125,3949.656,12,329.138,0.002438033319788704,9.629392929703371
SJ-20215,1341.036,6,223.506,0.001219016659894352,3.269490451036164
SJ-20500,1318.776,5,263.7552,0.0010158472165786266,3.2152198293376673
SK-19990,883.409,3,294.4696666666667,0.000609508329947176,2.1537805770012195
SL-20155,3046.532,6,507.75533333333334,0.001219016659894352,7.427546525802519
SM-20005,244.49399999999997,4,61.12349999999999,0.0008126777732629012,0.5960845184884193
SM-20320,25043.05,5,5008.61,0.0010158472165786266,61.055790329134496
SM-20905,1043.041,1,1043.041,0.0002031694433157253,2.542968711905729
SM-20950,4464.862,11,405.89654545454545,0.0022348638764729785,10.885482324258431
SN-20560,1860.418,6,310.06966666666665,0.001219016659894352,4.53576107273466
SN-20710,3127.9592,7,446.85131428571424,0.0014221861032100772,7.6260687525396165
SO-20335,2602.5755,6,433.76258333333334,0.001219016659894352,6.345165786265746
SP-20545,1306.086,6,217.681,0.001219016659894352,3.1842811865095495
SP-20620,5440.319,9,604.4798888888889,0.0018285249898415277,13.263678992279562
SP-20650,1872.4360000000001,9,208.04844444444447,0.0018285249898415277,4.565061357171881
SP-20860,4282.94,10,428.294,0.0020316944331572532,10.441950426655831
SP-20920,3990.689,6,665.1148333333333,0.001219016659894352,9.729432750914263
SR-20425,3233.481,5,646.6962000000001,0.0010158472165786266,7.883334416903699
SR-20740,4345.8859999999995,8,543.2357499999999,0.0016253555465258025,10.59541487200325
SS-20140,1324.028,8,165.5035,0.0016253555465258025,3.228024380333198
SS-20410,3056.8070000000002,6,509.4678333333334,0.001219016659894352,7.452597318163349
SS-20515,613.4,3,204.46666666666667,0.000609508329947176,1.4954896383583909
SS-20590,418.49,6,69.74833333333333,0.001219016659894352,1.0202925639983746
SS-20875,964.636,5,192.9272,0.0010158472165786266,2.351814709467696
ST-20530,433.34000000000003,7,61.90571428571429,0.0014221861032100772,1.0564973587972368
SU-20665,2595.364,7,370.76628571428574,0.0014221861032100772,6.32758390898009
SV-20365,11470.949999999999,10,1147.0949999999998,0.0020316944331572532,27.966558309630226
SV-20785,4105.305,9,456.14500000000004,0.0018285249898415277,10.008870377895164
SV-20815,1271.0900000000001,4,317.77250000000004,0.0008126777732629012,3.0989597724502236
SV-20935,1903.491,8,237.936375,0.0016253555465258025,4.640774481917919
SW-20245,1085.078,7,155.01114285714286,0.0014221861032100772,2.6454563185696873
SW-20275,1966.65,6,327.77500000000003,0.001219016659894352,4.794758228362454
SW-20350,1019.044,3,339.6813333333333,0.000609508329947176,2.4844632263307598
SW-20455,2835.564,6,472.594,0.001219016659894352,6.913199512393336
SW-20755,758.6959999999999,2,379.34799999999996,0.0004063388866314506,1.84972612759041
SZ-20035,3625.329,11,329.57536363636365,0.0022348638764729785,8.838672897196263
TA-21385,14595.62,4,3648.905,0.0008126777732629012,35.5846078829744
TB-21055,1451.361,4,362.84025,0.0008126777732629012,3.5384664770418532
TB-21175,3589.296,4,897.324,0.0008126777732629012,8.750823242584314
TB-21190,816.1740000000001,4,204.04350000000002,0.0008126777732629012,1.9898594067452258
TB-21250,1602.376,7,228.91085714285714,0.0014221861032100772,3.906646078829744
TB-21280,2198.45,6,366.4083333333333,0.001219016659894352,5.3598943518894755
TB-21355,834.328,5,166.8656,0.0010158472165786266,2.0341194636326696
TB-21400,9108.742,6,1518.1236666666666,0.001219016659894352,22.2074164973588
TB-21520,4737.486,9,526.3873333333333,0.0018285249898415277,11.550148720032507
TB-21595,1240.871,4,310.21775,0.0008126777732629012,3.0252848435595285
TB-21625,2797.668,9,310.85200000000003,0.0018285249898415277,6.820807801706623
TC-20980,19052.218,5,3810.4436,0.0010158472165786266,46.4499422998781
TC-21145,1038.26,1,1038.26,0.0002031694433157253,2.5313124746038196
TC-21295,4266.812,8,533.3515,0.0016253555465258025,10.402629825274278
TC-21475,1244.976,9,138.33066666666667,0.0018285249898415277,3.0352929703372613
TC-21535,742.5580000000001,7,106.0797142857143,0.0014221861032100772,1.8103811458756607
TD-20995,1434.5480000000002,9,159.39422222222225,0.0018285249898415277,3.497475822836246
TG-21310,3058.372,5,611.6744,0.0010158472165786266,7.456412840308818
TG-21640,2074.661,4,518.66525,0.0008126777732629012,5.058092645266152
TH-21100,2422.824,5,484.5648,0.0010158472165786266,5.906925639983746
TH-21115,2942.772,4,735.693,0.0008126777732629012,7.174576188541243
TH-21235,1022.201,8,127.775125,0.0016253555465258025,2.4921600975213325
TH-21550,4234.0960000000005,7,604.8708571428572,0.0014221861032100772,10.322867127184072
TM-21010,2819.026,7,402.71799999999996,0.0014221861032100772,6.8728793173506695
TM-21490,1094.6779999999999,3,364.8926666666666,0.000609508329947176,2.6688614384396585
TN-21040,3130.221,7,447.17442857142856,0.0014221861032100772,7.631583096302316
TP-21130,4454.0560000000005,9,494.8951111111112,0.0018285249898415277,10.859136936204795
TP-21415,5329.0048,5,1065.80096,0.0010158472165786266,12.99229126371394
TP-21565,1936.6399999999999,4,484.15999999999997,0.0008126777732629012,4.721592848435595
TR-21325,675.9419999999999,5,135.18839999999997,0.0010158472165786266,1.6479691182446157
TS-21085,4.833,2,2.4165,0.0004063388866314506,0.011783015034538805
TS-21160,2163.6240000000003,6,360.60400000000004,0.001219016659894352,5.2749874034945154
TS-21205,5371.09,7,767.2985714285714,0.0014221861032100772,13.094896383583908
TS-21340,974.7819999999999,5,194.95639999999997,0.0010158472165786266,2.376550995530272
TS-21370,11891.751,6,1981.9585,0.001219016659894352,28.992485168630637
TS-21430,2054.14,5,410.828,0.0010158472165786266,5.008061763510768
TS-21505,2243.274,6,373.87899999999996,0.001219016659894352,5.469176757415684
TS-21610,2820.424,7,402.9177142857143,0.0014221861032100772,6.876287687931735
TS-21655,3368.094,5,673.6188,0.0010158472165786266,8.211525396180415
TT-21070,4915.602,7,702.2288571428571,0.0014221861032100772,11.98440146281999
TT-21220,1427.0439999999999,8,178.38049999999998,0.0016253555465258025,3.479180820804551
TT-21265,439.5,3,146.5,0.000609508329947176,1.0715156440471354
TT-21460,5364.808,7,766.4011428571429,0.0014221861032100772,13.079580658268998
TW-21025,5278.826,7,754.118,0.0014221861032100772,12.869953677366924
TZ-21580,1707.286,4,426.8215,0.0008126777732629012,4.162420154408777
VB-21745,2005.596,6,334.266,0.001219016659894352,4.889709874034946
VD-21670,6442.254,6,1073.709,0.001219016659894352,15.70642990654206
VF-21715,847.944,5,169.5888,0.0010158472165786266,2.067315725314913
VG-21790,846.01,6,141.00166666666667,0.001219016659894352,2.062600568874441
VG-21805,418.432,4,104.608,0.0008126777732629012,1.020151158065827
VM-21685,2454.866,7,350.69514285714286,0.0014221861032100772,5.985045103616416
VM-21835,380.69,5,76.138,0.0010158472165786266,0.9281349045103617
VP-21730,993.9019999999999,3,331.30066666666664,0.000609508329947176,2.423166192604632
VP-21760,3360.526,7,480.07514285714285,0.0014221861032100772,8.193074360016254
VS-21820,1055.981,4,263.99525,0.0008126777732629012,2.574516863063795
VT-21700,1736.596,2,868.298,0.0004063388866314506,4.233878911011784
VW-21775,6134.0380000000005,10,613.4038,0.0020316944331572532,14.954989028850063
WB-21850,6129.71,10,612.971,0.0020316944331572532,14.944437220642017
XP-21865,2374.658,11,215.878,0.0022348638764729785,5.789495327102803
YC-21895,5454.35,5,1090.8700000000001,0.0010158472165786266,13.297887037789518
YS-21880,6720.4439999999995,8,840.0554999999999,0.0016253555465258025,16.384666395774076
ZC-21910,8025.707,13,617.362076923077,0.002641202763104429,19.56694108086144
ZD-21925,1493.944,5,298.7888,0.0010158472165786266,3.642285249898415
