customer_id,recency,frequency,monetary,r_rank,f_rank,m_rank,r_score,f_score,m_score,rfm_score,segment
AA-10315,649.0,11,5563.56,196.0,25.0,90.0,4,4,1,9,Potential Loyalist
AA-10375,30.0,15,1056.39,11.0,21.0,601.0,1,3,4,8,Needs Attention
AA-10480,1347.0,12,1790.5120000000002,286.0,24.0,465.0,5,4,3,12,Loyal Customer
AA-10645,215.0,18,5086.9349999999995,73.0,18.0,112.0,2,3,2,7,Needs Attention
AB-10015,427.0,6,886.156,140.0,30.0,647.0,3,4,4,11,Loyal Customer
AB-10060,160.0,18,7755.62,58.0,18.0,41.0,2,3,1,6,At Risk
AB-10105,220.0,20,14473.570999999998,77.0,16.0,5.0,2,3,1,6,At Risk
AB-10150,247.0,12,966.71,84.0,24.0,623.0,2,4,4,10,Potential Loyalist
AB-10165,214.0,14,1113.838,72.0,22.0,591.0,2,3,4,9,Potential Loyalist
AB-10255,309.0,14,914.5319999999999,107.0,22.0,639.0,2,3,4,9,Potential Loyalist
AB-10600,62.0,8,1515.862,22.0,28.0,510.0,1,4,4,9,Potential Loyalist
AC-10420,7.0,5,925.8,7.0,31.0,636.0,1,5,4,10,Potential Loyalist
AC-10450,277.0,9,5527.846,93.0,27.0,92.0,2,4,1,7,Needs Attention
AC-10615,306.0,18,2537.6859999999997,106.0,18.0,340.0,2,3,3,8,Needs Attention
AC-10660,276.0,6,657.316,92.0,30.0,696.0,2,4,5,11,Loyal Customer
AD-10180,334.0,12,6106.88,112.0,24.0,76.0,2,4,1,7,Needs Attention
AF-10870,555.0,16,2052.908,177.0,20.0,428.0,3,3,3,9,Potential Loyalist
AF-10885,427.0,7,861.565,140.0,29.0,652.0,3,4,4,11,Loyal Customer
AG-10270,276.0,14,2582.898,92.0,22.0,330.0,2,3,3,8,Needs Attention
AG-10300,278.0,5,367.548,94.0,31.0,740.0,2,5,5,12,Loyal Customer
AG-10330,61.0,9,660.972,21.0,27.0,693.0,1,4,4,9,Potential Loyalist
AG-10390,156.0,8,200.945,55.0,28.0,765.0,2,4,5,11,Loyal Customer
AG-10495,761.0,14,1419.247,212.0,22.0,531.0,4,3,4,11,Loyal Customer
AG-10525,886.0,9,1455.038,231.0,27.0,520.0,4,4,4,12,Loyal Customer
AG-10675,97.0,15,3489.0396000000005,36.0,21.0,214.0,1,3,2,6,At Risk
AG-10765,822.0,5,170.584,220.0,31.0,767.0,4,5,5,14,Champion
AG-10900,278.0,21,4510.797,94.0,15.0,140.0,2,3,2,7,Needs Attention
AH-10030,276.0,11,1744.7,92.0,25.0,468.0,2,4,3,9,Potential Loyalist
AH-10075,276.0,20,3250.337,92.0,16.0,239.0,2,3,2,7,Needs Attention
AH-10120,130.0,16,1735.5140000000001,49.0,20.0,472.0,2,3,3,8,Needs Attention
AH-10195,215.0,8,1587.452,73.0,28.0,495.0,2,4,3,9,Potential Loyalist
AH-10210,131.0,13,4805.344,50.0,23.0,123.0,2,4,2,8,Needs Attention
AH-10465,311.0,8,2495.3916,109.0,28.0,348.0,2,4,3,9,Potential Loyalist
AH-10585,91.0,5,738.504,31.0,31.0,683.0,1,5,4,10,Potential Loyalist
AH-10690,552.0,23,7888.294,175.0,13.0,40.0,3,2,1,6,At Risk
AI-10855,30.0,18,4375.786,11.0,18.0,149.0,1,3,2,6,At Risk
AJ-10780,1168.0,15,4867.344,271.0,21.0,121.0,5,3,2,10,Potential Loyalist
AJ-10795,368.0,21,4501.391,123.0,15.0,141.0,3,3,2,8,Needs Attention
AJ-10945,1071.0,9,1829.896,264.0,27.0,461.0,5,4,3,12,Loyal Customer
AJ-10960,276.0,5,629.2479999999999,92.0,31.0,703.0,2,5,5,12,Loyal Customer
AM-10360,303.0,12,814.012,103.0,24.0,662.0,2,4,4,10,Potential Loyalist
AM-10705,252.0,22,5664.022,88.0,14.0,87.0,2,3,1,6,At Risk
AO-10810,276.0,1,161.28,92.0,35.0,769.0,2,5,5,12,Loyal Customer
AP-10720,490.0,10,545.932,158.0,26.0,714.0,3,4,5,12,Loyal Customer
AP-10915,278.0,31,3323.556,94.0,5.0,227.0,2,1,2,5,At Risk
AR-10345,64.0,5,1055.694,24.0,31.0,603.0,1,5,4,10,Potential Loyalist
AR-10405,1373.0,7,2236.128,288.0,29.0,392.0,5,4,3,12,Loyal Customer
AR-10510,1406.0,7,264.86400000000003,292.0,29.0,756.0,5,4,5,14,Champion
AR-10540,768.0,9,6608.448,213.0,27.0,60.0,4,4,1,9,Potential Loyalist
AR-10570,276.0,2,88.15,92.0,34.0,780.0,2,5,5,12,Loyal Customer
AR-10825,304.0,13,4523.336,104.0,23.0,139.0,2,4,2,8,Needs Attention
AS-10045,247.0,10,3050.692,84.0,26.0,271.0,2,4,2,8,Needs Attention
AS-10090,303.0,25,3255.31,103.0,11.0,236.0,2,2,2,6,At Risk
AS-10135,276.0,3,58.82,92.0,33.0,783.0,2,5,5,12,Loyal Customer
AS-10225,122.0,13,4260.784,42.0,23.0,160.0,2,4,2,8,Needs Attention
AS-10240,1128.0,10,503.968,270.0,26.0,718.0,5,4,5,14,Champion
AS-10285,30.0,8,3214.236,11.0,28.0,247.0,1,4,2,7,Needs Attention
AS-10630,1008.0,12,833.398,253.0,24.0,659.0,4,4,4,12,Loyal Customer
AT-10435,91.0,8,1166.0720000000001,31.0,28.0,582.0,1,4,4,9,Potential Loyalist
AT-10735,158.0,16,3831.864,57.0,20.0,186.0,2,3,2,7,Needs Attention
AW-10840,61.0,8,649.376,21.0,28.0,698.0,1,4,5,10,Potential Loyalist
AW-10930,371.0,16,2852.968,126.0,20.0,294.0,3,3,2,8,Needs Attention
AY-10555,1287.0,10,497.014,277.0,26.0,719.0,5,4,5,14,Champion
AZ-10750,589.0,12,1622.0179999999998,183.0,24.0,491.0,3,4,3,10,Potential Loyalist
BB-10990,340.0,8,744.3399999999999,117.0,28.0,678.0,3,4,4,11,Loyal Customer
BB-11545,4.0,20,6765.728,4.0,16.0,57.0,1,3,1,5,At Risk
BC-11125,36.0,18,2933.676,16.0,18.0,283.0,1,3,2,6,At Risk
BD-11320,8.0,19,5718.521,8.0,17.0,85.0,1,3,1,5,At Risk
BD-11500,1440.0,10,4411.2429999999995,298.0,26.0,148.0,5,4,2,11,Loyal Customer
BD-11560,276.0,4,320.54,92.0,32.0,745.0,2,5,5,12,Loyal Customer
BD-11605,373.0,15,2783.189,128.0,21.0,305.0,3,3,3,9,Potential Loyalist
BD-11620,496.0,8,1538.11,163.0,28.0,505.0,3,4,4,11,Loyal Customer
BD-11635,944.0,5,582.646,240.0,31.0,710.0,4,5,5,14,Champion
BD-11725,279.0,10,1526.5,95.0,26.0,507.0,2,4,4,10,Potential Loyalist
BD-11770,193.0,10,658.466,70.0,26.0,695.0,2,4,5,11,Loyal Customer
BE-11335,306.0,9,4204.676,106.0,27.0,164.0,2,4,2,8,Needs Attention
BE-11410,528.0,5,2261.438,170.0,31.0,383.0,3,5,3,11,Loyal Customer
BE-11455,555.0,10,748.026,177.0,26.0,676.0,3,4,4,11,Loyal Customer
BF-10975,918.0,13,599.798,238.0,23.0,707.0,4,4,5,13,Champion
BF-11005,586.0,10,1333.88,181.0,26.0,547.0,3,4,4,11,Loyal Customer
BF-11020,125.0,21,2888.506,45.0,15.0,287.0,2,3,2,7,Needs Attention
BF-11080,3.0,6,272.95,3.0,30.0,753.0,1,4,5,10,Potential Loyalist
BF-11170,192.0,27,5907.972,69.0,9.0,81.0,2,2,1,5,At Risk
BF-11215,462.0,8,1585.162,151.0,28.0,496.0,3,4,4,11,Loyal Customer
BF-11275,66.0,4,791.9899999999999,26.0,32.0,667.0,1,5,4,10,Potential Loyalist
BG-11035,303.0,12,2798.948,103.0,24.0,303.0,2,4,3,9,Potential Loyalist
BG-11695,955.0,8,1874.172,245.0,28.0,452.0,4,4,3,11,Loyal Customer
BG-11740,276.0,7,1006.356,92.0,29.0,615.0,2,4,4,10,Potential Loyalist
BH-11710,153.0,24,6255.351,52.0,12.0,70.0,2,2,1,5,At Risk
BK-11260,396.0,16,659.1379999999999,132.0,20.0,694.0,3,3,4,10,Potential Loyalist
BM-11140,609.0,16,11789.63,184.0,20.0,13.0,3,3,1,7,Needs Attention
BM-11575,679.0,10,808.162,202.0,26.0,663.0,4,4,4,12,Loyal Customer
BM-11650,92.0,29,7294.185,32.0,7.0,50.0,1,2,1,4,At Risk
BM-11785,1007.0,14,1338.842,252.0,22.0,546.0,4,3,4,11,Loyal Customer
BN-11470,183.0,6,265.296,62.0,30.0,755.0,2,4,5,11,Loyal Customer
BN-11515,337.0,17,1459.344,115.0,19.0,517.0,3,3,4,10,Potential Loyalist
BO-11350,282.0,12,2682.728,98.0,24.0,320.0,2,4,3,9,Potential Loyalist
BO-11425,794.0,2,130.83,217.0,34.0,775.0,4,5,5,14,Champion
BP-11050,124.0,7,983.42,44.0,29.0,619.0,2,4,4,10,Potential Loyalist
BP-11095,1189.0,20,2442.044,273.0,16.0,363.0,5,3,3,11,Loyal Customer
BP-11155,66.0,11,1697.8609999999999,26.0,25.0,478.0,1,4,3,8,Needs Attention
BP-11185,61.0,18,3675.861,21.0,18.0,198.0,1,3,2,6,At Risk
BP-11230,276.0,6,1181.49,92.0,30.0,580.0,2,4,4,10,Potential Loyalist
BP-11290,102.0,16,2475.157,41.0,20.0,352.0,2,3,3,8,Needs Attention
BS-11365,1347.0,9,10501.653,286.0,27.0,19.0,5,4,1,10,Potential Loyalist
BS-11380,9.0,13,3887.834,9.0,23.0,184.0,1,4,2,7,Needs Attention
BS-11590,916.0,10,2454.928,236.0,26.0,358.0,4,4,3,11,Loyal Customer
BS-11665,276.0,11,3288.1099999999997,92.0,25.0,232.0,2,4,2,8,Needs Attention
BS-11755,69.0,14,2562.382,28.0,22.0,337.0,1,3,3,7,Needs Attention
BS-11800,99.0,8,949.4300000000001,38.0,28.0,630.0,1,4,4,9,Potential Loyalist
BT-11305,916.0,9,2567.656,236.0,27.0,334.0,4,4,3,11,Loyal Customer
BT-11395,284.0,10,2186.6130000000003,100.0,26.0,405.0,2,4,3,9,Potential Loyalist
BT-11440,1346.0,7,603.876,285.0,29.0,706.0,5,4,5,14,Champion
BT-11485,404.0,3,415.19599999999997,136.0,33.0,731.0,3,5,5,13,Champion
BT-11530,276.0,10,2684.4919999999997,92.0,26.0,319.0,2,4,3,9,Potential Loyalist
BT-11680,61.0,20,3196.752,21.0,16.0,249.0,1,3,2,6,At Risk
BV-11245,276.0,14,1523.2730000000001,92.0,22.0,508.0,2,3,4,9,Potential Loyalist
BW-11065,340.0,3,385.516,117.0,33.0,733.0,3,5,5,13,Champion
BW-11110,164.0,17,4750.358,61.0,19.0,130.0,2,3,2,7,Needs Attention
BW-11200,67.0,10,1738.406,27.0,26.0,470.0,1,4,3,8,Needs Attention
CA-11965,952.0,10,3789.7228,244.0,26.0,191.0,4,4,2,10,Potential Loyalist
CA-12055,491.0,10,1679.7240000000002,159.0,26.0,484.0,3,4,3,10,Potential Loyalist
CA-12265,245.0,16,2638.3272,82.0,20.0,324.0,2,3,3,8,Needs Attention
CA-12310,91.0,11,1421.954,31.0,25.0,529.0,1,4,4,9,Potential Loyalist
CA-12775,7.0,17,3041.566,7.0,19.0,273.0,1,3,2,6,At Risk
CB-12025,33.0,22,5730.669,13.0,14.0,84.0,1,3,1,5,At Risk
CB-12415,244.0,12,1949.2,81.0,24.0,441.0,2,4,3,9,Potential Loyalist
CB-12535,223.0,19,4246.4555,79.0,17.0,162.0,2,3,2,7,Needs Attention
CC-12100,523.0,12,1685.889,168.0,24.0,483.0,3,4,3,10,Potential Loyalist
CC-12145,491.0,11,2471.65,159.0,25.0,353.0,3,4,3,10,Potential Loyalist
CC-12220,61.0,21,3670.258,21.0,15.0,199.0,1,3,2,6,At Risk
CC-12370,184.0,11,12129.072000000002,63.0,25.0,10.0,2,4,1,7,Needs Attention
CC-12430,184.0,19,2870.05,63.0,17.0,291.0,2,3,2,7,Needs Attention
CC-12475,33.0,13,1659.438,13.0,23.0,489.0,1,4,3,8,Needs Attention
CC-12550,275.0,4,113.832,91.0,32.0,777.0,2,5,5,12,Loyal Customer
CC-12610,428.0,12,2540.631,141.0,24.0,339.0,3,4,3,10,Potential Loyalist
CC-12670,334.0,14,2269.7015,112.0,22.0,382.0,2,3,3,8,Needs Attention
CC-12685,832.0,12,2854.1150000000002,224.0,24.0,293.0,4,4,2,10,Potential Loyalist
CD-11920,276.0,9,2033.968,92.0,27.0,429.0,2,4,3,9,Potential Loyalist
CD-11980,184.0,6,639.766,63.0,30.0,701.0,2,4,5,11,Loyal Customer
CD-12280,215.0,13,1205.584,73.0,23.0,576.0,2,4,4,10,Potential Loyalist
CD-12790,1409.0,15,1860.732,293.0,21.0,456.0,5,3,3,11,Loyal Customer
CG-12040,31.0,9,904.4680000000001,12.0,27.0,642.0,1,4,4,9,Potential Loyalist
CG-12520,488.0,5,1148.7800000000002,157.0,31.0,586.0,3,5,4,12,Loyal Customer
CH-12070,497.0,4,1537.236,164.0,32.0,506.0,3,5,4,12,Loyal Customer
CJ-11875,276.0,1,16.52,92.0,35.0,790.0,2,5,5,12,Loyal Customer
CJ-12010,341.0,20,11164.974,118.0,16.0,15.0,3,3,1,7,Needs Attention
CK-12205,7.0,32,3154.855,7.0,4.0,254.0,1,1,2,4,At Risk
CK-12325,337.0,12,2945.321,115.0,24.0,280.0,3,4,2,9,Potential Loyalist
CK-12595,374.0,25,2372.75,129.0,11.0,368.0,3,2,3,8,Needs Attention
CK-12760,93.0,14,1582.109,33.0,22.0,497.0,1,3,4,8,Needs Attention
CL-11890,67.0,7,1262.0140000000001,27.0,29.0,563.0,1,4,4,9,Potential Loyalist
CL-12565,494.0,28,10880.546,161.0,8.0,16.0,3,2,1,6,At Risk
CL-12700,276.0,7,2335.586,92.0,29.0,375.0,2,4,3,9,Potential Loyalist
CM-11815,70.0,10,1673.888,29.0,26.0,486.0,1,4,3,8,Needs Attention
CM-11935,276.0,4,565.392,92.0,32.0,712.0,2,5,5,12,Loyal Customer
CM-12115,305.0,7,1661.6100000000001,105.0,29.0,488.0,2,4,3,9,Potential Loyalist
CM-12160,244.0,7,2533.314,81.0,29.0,341.0,2,4,3,9,Potential Loyalist
CM-12190,279.0,7,1475.144,95.0,29.0,513.0,2,4,4,10,Potential Loyalist
CM-12235,369.0,8,2305.712,124.0,28.0,378.0,3,4,3,10,Potential Loyalist
CM-12385,286.0,10,8954.019999999999,102.0,26.0,25.0,2,4,1,7,Needs Attention
CM-12445,1193.0,9,287.99,274.0,27.0,749.0,5,4,5,14,Champion
CM-12655,275.0,8,5890.508,91.0,28.0,82.0,2,4,1,7,Needs Attention
CM-12715,1074.0,13,3984.4524,265.0,23.0,174.0,5,4,2,11,Loyal Customer
CP-12085,93.0,14,5402.254,33.0,22.0,99.0,1,3,1,5,At Risk
CP-12340,884.0,14,5817.187,230.0,22.0,83.0,4,3,1,8,Needs Attention
CR-12580,276.0,6,2148.852,92.0,30.0,415.0,2,4,3,9,Potential Loyalist
CR-12625,1436.0,4,475.9,297.0,32.0,720.0,5,5,5,15,Champion
CR-12730,371.0,6,1600.55,126.0,30.0,494.0,3,4,3,10,Potential Loyalist
CR-12820,185.0,7,1397.8724,64.0,29.0,536.0,2,4,4,10,Potential Loyalist
CS-11845,40.0,8,1278.954,20.0,28.0,559.0,1,4,4,9,Potential Loyalist
CS-11860,5.0,7,537.632,5.0,29.0,715.0,1,4,5,10,Potential Loyalist
CS-11950,160.0,22,3036.547,58.0,14.0,274.0,2,3,2,7,Needs Attention
CS-12130,1314.0,7,884.64,280.0,29.0,648.0,5,4,4,13,Champion
CS-12175,7.0,8,844.4580000000001,7.0,28.0,657.0,1,4,4,9,Potential Loyalist
CS-12250,124.0,28,2754.216,44.0,8.0,309.0,2,2,3,7,Needs Attention
CS-12355,1.0,22,3202.1620000000003,1.0,14.0,248.0,1,3,2,6,At Risk
CS-12400,161.0,14,3651.8585000000003,59.0,22.0,200.0,2,3,2,7,Needs Attention
CS-12460,275.0,6,550.644,91.0,30.0,713.0,2,4,5,11,Loyal Customer
CS-12490,369.0,8,970.1105,124.0,28.0,622.0,3,4,4,11,Loyal Customer
CS-12505,304.0,9,5690.054999999999,104.0,27.0,86.0,2,4,1,7,Needs Attention
CT-11995,250.0,18,3241.898,86.0,18.0,242.0,2,3,2,7,Needs Attention
CV-12295,612.0,13,2830.6279999999997,187.0,23.0,299.0,4,4,3,11,Loyal Customer
CV-12805,247.0,19,2370.3136,84.0,17.0,369.0,2,3,3,8,Needs Attention
CW-11905,122.0,11,1136.592,42.0,25.0,589.0,2,4,4,10,Potential Loyalist
CY-12745,643.0,10,2004.0819999999999,192.0,26.0,433.0,4,4,3,11,Loyal Customer
Co-12640,1038.0,8,1300.076,257.0,28.0,556.0,4,4,4,12,Loyal Customer
DA-13450,11.0,8,156.76,10.0,28.0,771.0,1,4,5,10,Potential Loyalist
DB-12910,33.0,12,2171.599,13.0,24.0,409.0,1,4,3,8,Needs Attention
DB-12970,282.0,10,2469.6672,98.0,26.0,354.0,2,4,3,9,Potential Loyalist
DB-13060,554.0,10,4151.51,176.0,26.0,168.0,3,4,2,9,Potential Loyalist
DB-13120,1.0,14,2973.094,1.0,22.0,278.0,1,3,2,6,At Risk
DB-13210,91.0,21,2332.577,31.0,15.0,376.0,1,3,3,7,Needs Attention
DB-13270,154.0,13,4655.897,53.0,23.0,135.0,2,4,2,8,Needs Attention
DB-13360,69.0,6,1081.466,28.0,30.0,595.0,1,4,4,9,Potential Loyalist
DB-13405,856.0,14,1711.692,227.0,22.0,475.0,4,3,3,10,Potential Loyalist
DB-13555,125.0,14,3908.8028,45.0,22.0,180.0,2,3,2,7,Needs Attention
DB-13615,190.0,11,1989.05,68.0,25.0,436.0,2,4,3,9,Potential Loyalist
DB-13660,853.0,10,1155.202,226.0,26.0,585.0,4,4,4,12,Loyal Customer
DC-12850,250.0,18,3336.168,86.0,18.0,226.0,2,3,2,7,Needs Attention
DC-13285,153.0,7,1174.618,52.0,29.0,581.0,2,4,4,10,Potential Loyalist
DD-13570,310.0,9,269.542,108.0,27.0,754.0,2,4,5,11,Loyal Customer
DE-13255,406.0,9,2550.874,138.0,27.0,338.0,3,4,3,10,Potential Loyalist
DF-13135,1342.0,6,2390.534,284.0,30.0,366.0,5,4,3,12,Loyal Customer
DG-13300,1010.0,8,3195.818,254.0,28.0,250.0,4,4,2,10,Potential Loyalist
DH-13075,1074.0,18,3487.1980000000003,265.0,18.0,215.0,5,3,2,10,Potential Loyalist
DH-13675,1100.0,11,1043.096,269.0,25.0,605.0,5,4,4,13,Champion
DJ-13420,676.0,5,2012.52,201.0,31.0,431.0,4,5,3,12,Loyal Customer
DJ-13510,1.0,13,2501.6879999999996,1.0,23.0,347.0,1,4,3,8,Needs Attention
DJ-13630,276.0,8,3356.398,92.0,28.0,224.0,2,4,2,8,Needs Attention
DK-12835,91.0,27,3256.48,31.0,9.0,235.0,1,2,2,5,At Risk
DK-12895,4.0,15,4282.176,4.0,21.0,156.0,1,3,2,6,At Risk
DK-12985,221.0,8,1687.04,78.0,28.0,480.0,2,4,3,9,Potential Loyalist
DK-13090,276.0,13,2650.557,92.0,23.0,323.0,2,4,3,9,Potential Loyalist
DK-13150,1310.0,5,797.832,279.0,31.0,665.0,5,5,4,14,Champion
DK-13225,374.0,19,4802.394,129.0,17.0,124.0,3,3,2,8,Needs Attention
DK-13375,1.0,23,3318.486,1.0,13.0,228.0,1,2,2,5,At Risk
DL-12865,675.0,7,444.024,200.0,29.0,726.0,4,4,5,13,Champion
DL-12925,276.0,14,3272.2,92.0,22.0,234.0,2,3,2,7,Needs Attention
DL-13315,122.0,17,1458.258,42.0,19.0,518.0,2,3,4,9,Potential Loyalist
DL-13330,276.0,8,585.02,92.0,28.0,709.0,2,4,5,11,Loyal Customer
DL-13495,520.0,12,3539.322,167.0,24.0,211.0,3,4,2,9,Potential Loyalist
DM-12955,156.0,9,1322.034,55.0,27.0,549.0,2,4,4,10,Potential Loyalist
DM-13015,276.0,20,6345.103,92.0,16.0,68.0,2,3,1,6,At Risk
DM-13345,122.0,13,4074.4719999999998,42.0,23.0,171.0,2,4,2,8,Needs Attention
DM-13525,582.0,10,1376.792,179.0,26.0,540.0,3,4,4,11,Loyal Customer
DN-13690,1098.0,11,2139.79,267.0,25.0,417.0,5,4,3,12,Loyal Customer
DO-13435,309.0,13,1300.0315,107.0,23.0,557.0,2,4,4,10,Potential Loyalist
DO-13645,244.0,11,1267.316,81.0,25.0,562.0,2,4,4,10,Potential Loyalist
DP-13000,253.0,15,897.524,89.0,21.0,644.0,2,3,4,9,Potential Loyalist
DP-13105,548.0,14,2215.002,172.0,22.0,397.0,3,3,3,9,Potential Loyalist
DP-13165,793.0,4,1058.616,216.0,32.0,598.0,4,5,4,13,Champion
DP-13390,194.0,14,5480.723999999999,71.0,22.0,94.0,2,3,1,6,At Risk
DR-12880,276.0,24,6528.034000000001,92.0,12.0,61.0,2,2,1,5,At Risk
DR-12940,34.0,13,8350.868,14.0,23.0,30.0,1,4,1,6,At Risk
DS-13030,252.0,19,1762.213,88.0,17.0,466.0,2,3,3,8,Needs Attention
DS-13180,153.0,20,2881.8128,52.0,16.0,289.0,2,3,2,7,Needs Attention
DV-13045,30.0,9,1119.483,11.0,27.0,590.0,1,4,4,9,Potential Loyalist
DV-13465,36.0,13,3254.487,16.0,23.0,238.0,1,4,2,7,Needs Attention
DW-13195,1315.0,9,1080.751,281.0,27.0,596.0,5,4,4,13,Champion
DW-13480,366.0,11,5271.628,122.0,25.0,105.0,3,4,2,9,Potential Loyalist
DW-13540,192.0,9,344.08,69.0,27.0,743.0,2,4,5,11,Loyal Customer
DW-13585,310.0,10,1204.854,108.0,26.0,578.0,2,4,4,10,Potential Loyalist
Dl-13600,128.0,6,755.602,47.0,30.0,674.0,2,4,4,10,Potential Loyalist
Dp-13240,155.0,29,7198.7609999999995,54.0,7.0,53.0,2,2,1,5,At Risk
EA-14035,371.0,22,2752.441,126.0,14.0,310.0,3,3,3,9,Potential Loyalist
EB-13705,1.0,12,3644.978,1.0,24.0,202.0,1,4,2,7,Needs Attention
EB-13750,62.0,20,3236.314,22.0,16.0,243.0,1,3,2,6,At Risk
EB-13840,336.0,7,964.448,114.0,29.0,626.0,3,4,4,11,Loyal Customer
EB-13870,70.0,11,2767.219,29.0,25.0,308.0,1,4,3,8,Needs Attention
EB-13930,1409.0,7,944.6000000000001,293.0,29.0,631.0,5,4,4,13,Champion
EB-13975,428.0,6,1643.255,141.0,30.0,490.0,3,4,3,10,Potential Loyalist
EB-14110,125.0,11,3071.126,45.0,25.0,266.0,2,4,2,8,Needs Attention
EB-14170,93.0,7,1186.326,33.0,29.0,579.0,1,4,4,9,Potential Loyalist
EC-14050,154.0,7,461.914,53.0,29.0,723.0,2,4,5,11,Loyal Customer
ED-13885,1035.0,14,3484.92,255.0,22.0,216.0,4,3,2,9,Potential Loyalist
EG-13900,122.0,9,1832.02,42.0,27.0,460.0,2,4,3,9,Potential Loyalist
EH-13765,674.0,27,9940.380000000001,199.0,9.0,20.0,4,2,1,7,Needs Attention
EH-13945,796.0,17,684.1709999999999,218.0,19.0,690.0,4,3,4,11,Loyal Customer
EH-13990,276.0,8,825.9499999999999,92.0,28.0,660.0,2,4,4,10,Potential Loyalist
EH-14005,250.0,11,1219.53,86.0,25.0,574.0,2,4,4,10,Potential Loyalist
EH-14125,495.0,18,3082.653,162.0,18.0,264.0,3,3,2,8,Needs Attention
EH-14185,617.0,8,923.884,189.0,28.0,637.0,4,4,4,12,Loyal Customer
EJ-13720,284.0,8,2162.174,100.0,28.0,412.0,2,4,3,9,Potential Loyalist
EJ-14155,247.0,8,2656.691,84.0,28.0,322.0,2,4,3,9,Potential Loyalist
EK-13795,276.0,4,1303.478,92.0,32.0,555.0,2,5,4,11,Loyal Customer
EL-13735,276.0,2,124.28,92.0,34.0,776.0,2,5,5,12,Loyal Customer
EM-13810,618.0,7,2567.0099999999998,190.0,29.0,335.0,4,4,3,11,Loyal Customer
EM-13825,215.0,16,2339.598,73.0,20.0,374.0,2,3,3,8,Needs Attention
EM-13960,338.0,6,933.704,116.0,30.0,635.0,3,4,4,11,Loyal Customer
EM-14065,250.0,6,228.99,86.0,30.0,761.0,2,4,5,11,Loyal Customer
EM-14095,125.0,10,1041.0420000000001,45.0,26.0,607.0,2,4,4,10,Potential Loyalist
EM-14140,1.0,21,4588.436000000001,1.0,15.0,138.0,1,3,2,6,At Risk
EM-14200,276.0,4,366.822,92.0,32.0,741.0,2,5,5,12,Loyal Customer
EN-13780,615.0,9,2199.366,188.0,27.0,402.0,4,4,3,11,Loyal Customer
EP-13915,1.0,31,5478.0608,1.0,5.0,95.0,1,1,1,3,At Risk
ER-13855,551.0,5,1245.788,174.0,31.0,569.0,3,5,4,12,Loyal Customer
ES-14020,401.0,8,3510.4579999999996,134.0,28.0,212.0,3,4,2,9,Potential Loyalist
ES-14080,303.0,20,4657.924,103.0,16.0,134.0,2,3,2,7,Needs Attention
FA-14230,794.0,17,2984.054,217.0,19.0,277.0,4,3,2,9,Potential Loyalist
FC-14245,125.0,14,3418.742,45.0,22.0,219.0,2,3,2,7,Needs Attention
FC-14335,224.0,10,3889.366,80.0,26.0,183.0,2,4,2,8,Needs Attention
FG-14260,66.0,11,1383.144,26.0,25.0,539.0,1,4,4,9,Potential Loyalist
FH-14275,62.0,21,4256.272,22.0,15.0,161.0,1,3,2,6,At Risk
FH-14350,340.0,14,2271.284,117.0,22.0,381.0,3,3,3,9,Potential Loyalist
FH-14365,188.0,13,6987.196,66.0,23.0,54.0,2,4,1,7,Needs Attention
FM-14215,372.0,15,2456.638,127.0,21.0,357.0,3,3,3,9,Potential Loyalist
FM-14290,184.0,20,3736.198,63.0,16.0,195.0,2,3,2,7,Needs Attention
FM-14380,157.0,14,2523.266,56.0,22.0,343.0,2,3,3,8,Needs Attention
FO-14305,128.0,15,2678.438,47.0,21.0,321.0,2,3,3,8,Needs Attention
FP-14320,153.0,14,4046.746,52.0,22.0,172.0,2,3,2,7,Needs Attention
FW-14395,314.0,3,79.75,111.0,33.0,781.0,2,5,5,12,Loyal Customer
GA-14515,279.0,10,3797.2320000000004,95.0,26.0,190.0,2,4,2,8,Needs Attention
GA-14725,9.0,22,1398.382,9.0,14.0,535.0,1,3,4,8,Needs Attention
GB-14530,342.0,20,1568.44,119.0,16.0,501.0,3,3,4,10,Potential Loyalist
GB-14575,496.0,16,4716.288,163.0,20.0,132.0,3,3,2,8,Needs Attention
GD-14590,281.0,6,1888.07,97.0,30.0,448.0,2,4,3,9,Potential Loyalist
GG-14650,216.0,24,2224.0,74.0,12.0,394.0,2,2,3,7,Needs Attention
GH-14410,189.0,17,2819.4669999999996,67.0,19.0,301.0,2,3,3,8,Needs Attention
GH-14425,62.0,10,4172.8460000000005,22.0,26.0,166.0,1,4,2,7,Needs Attention
GH-14485,487.0,3,1361.2440000000001,156.0,33.0,541.0,3,5,4,12,Loyal Customer
GH-14665,276.0,3,146.94080000000002,92.0,33.0,773.0,2,5,5,12,Loyal Customer
GK-14620,94.0,14,6497.27,34.0,22.0,62.0,1,3,1,5,At Risk
GM-14440,124.0,11,3582.8199999999997,44.0,25.0,209.0,2,4,2,8,Needs Attention
GM-14455,187.0,12,3078.624,65.0,24.0,265.0,2,4,2,8,Needs Attention
GM-14500,433.0,13,1255.682,144.0,23.0,566.0,3,4,4,11,Loyal Customer
GM-14680,462.0,11,3163.628,151.0,25.0,252.0,3,4,2,9,Potential Loyalist
GM-14695,247.0,11,6049.966,84.0,25.0,77.0,2,4,1,7,Needs Attention
GP-14740,1287.0,5,236.53,277.0,31.0,760.0,5,5,5,15,Champion
GR-14560,276.0,5,1284.38,92.0,31.0,558.0,2,5,4,11,Loyal Customer
GT-14635,245.0,6,9351.212,82.0,30.0,22.0,2,4,1,7,Needs Attention
GT-14710,548.0,29,11820.119999999999,172.0,7.0,12.0,3,2,1,6,At Risk
GT-14755,645.0,7,226.436,193.0,29.0,762.0,4,4,5,13,Champion
GW-14605,303.0,9,2189.019,103.0,27.0,404.0,2,4,3,9,Potential Loyalist
GZ-14470,190.0,14,4355.150000000001,68.0,22.0,151.0,2,3,2,7,Needs Attention
GZ-14545,67.0,5,2454.6220000000003,27.0,31.0,360.0,1,5,3,9,Potential Loyalist
HA-14905,64.0,10,2163.3,24.0,26.0,411.0,1,4,3,8,Needs Attention
HA-14920,33.0,18,2584.158,13.0,18.0,329.0,1,3,3,7,Needs Attention
HD-14785,889.0,7,251.36,233.0,29.0,757.0,4,4,5,13,Champion
HE-14800,127.0,8,755.462,46.0,28.0,675.0,2,4,4,10,Potential Loyalist
HF-14995,91.0,19,2533.1639999999998,31.0,17.0,342.0,1,3,3,7,Needs Attention
HG-14845,93.0,10,785.628,33.0,26.0,668.0,1,4,4,9,Potential Loyalist
HG-14965,153.0,17,3247.642,52.0,19.0,240.0,2,3,2,7,Needs Attention
HG-15025,6.0,11,3690.284,6.0,25.0,197.0,1,4,2,7,Needs Attention
HH-15010,276.0,6,218.668,92.0,30.0,764.0,2,4,5,11,Loyal Customer
HJ-14875,276.0,6,358.1,92.0,30.0,742.0,2,4,5,11,Loyal Customer
HK-14890,281.0,15,4877.784,97.0,21.0,120.0,2,3,2,7,Needs Attention
HL-15040,277.0,11,12873.297999999999,93.0,25.0,8.0,2,4,1,7,Needs Attention
HM-14860,248.0,20,8236.7648,85.0,16.0,33.0,2,3,1,6,At Risk
HM-14980,38.0,7,736.276,18.0,29.0,684.0,1,4,4,9,Potential Loyalist
HP-14815,1005.0,10,1990.314,251.0,26.0,435.0,4,4,3,11,Loyal Customer
HR-14770,161.0,5,940.588,59.0,31.0,632.0,2,5,4,11,Loyal Customer
HR-14830,276.0,14,5248.787,92.0,22.0,107.0,2,3,2,7,Needs Attention
HW-14935,247.0,15,4827.934,84.0,21.0,122.0,2,3,2,7,Needs Attention
HZ-14950,276.0,6,886.52,92.0,30.0,646.0,2,4,4,10,Potential Loyalist
IG-15085,829.0,7,744.574,223.0,29.0,677.0,4,4,4,12,Loyal Customer
IL-15100,65.0,14,5040.736,25.0,22.0,113.0,1,3,2,6,At Risk
IM-15055,276.0,2,48.4,92.0,34.0,785.0,2,5,5,12,Loyal Customer
IM-15070,549.0,21,4930.474,173.0,15.0,116.0,3,3,2,8,Needs Attention
JA-15970,156.0,24,6491.026,55.0,12.0,63.0,2,2,1,5,At Risk
JB-15400,92.0,16,1791.605,32.0,20.0,464.0,1,3,3,7,Needs Attention
JB-15925,730.0,8,900.552,207.0,28.0,643.0,4,4,4,12,Loyal Customer
JB-16000,94.0,7,644.1188,34.0,29.0,700.0,1,4,5,10,Potential Loyalist
JB-16045,487.0,9,2518.115,156.0,27.0,345.0,3,4,3,10,Potential Loyalist
JC-15340,156.0,4,71.263,55.0,32.0,782.0,2,5,5,12,Loyal Customer
JC-15385,127.0,4,1058.108,46.0,32.0,599.0,2,5,4,11,Loyal Customer
JC-15775,342.0,16,2772.055,119.0,20.0,306.0,3,3,3,9,Potential Loyalist
JC-16105,276.0,9,858.576,92.0,27.0,653.0,2,4,4,10,Potential Loyalist
JD-15790,247.0,7,2152.352,84.0,29.0,414.0,2,4,3,9,Potential Loyalist
JD-15895,461.0,32,7610.8640000000005,150.0,4.0,46.0,3,1,1,5,At Risk
JD-16015,35.0,11,385.43,15.0,25.0,734.0,1,4,5,10,Potential Loyalist
JD-16060,223.0,6,695.442,79.0,30.0,688.0,2,4,4,10,Potential Loyalist
JD-16150,276.0,17,8828.0305,92.0,19.0,26.0,2,3,1,6,At Risk
JE-15475,276.0,13,1388.682,92.0,23.0,538.0,2,4,4,10,Potential Loyalist
JE-15610,1.0,20,7754.976,1.0,16.0,42.0,1,3,1,5,At Risk
JE-15715,492.0,22,8697.842999999999,160.0,14.0,27.0,3,3,1,7,Needs Attention
JE-15745,92.0,23,6760.8150000000005,32.0,13.0,58.0,1,2,1,4,At Risk
JE-16165,61.0,7,2697.248,21.0,29.0,318.0,1,4,3,8,Needs Attention
JF-15190,96.0,18,2239.606,35.0,18.0,390.0,1,3,3,7,Needs Attention
JF-15295,373.0,14,955.124,128.0,22.0,628.0,3,3,4,10,Potential Loyalist
JF-15355,254.0,16,1911.844,90.0,20.0,444.0,2,3,3,8,Needs Attention
JF-15415,33.0,13,2309.432,13.0,23.0,377.0,1,4,3,8,Needs Attention
JF-15490,883.0,14,890.95,229.0,22.0,645.0,4,3,4,11,Loyal Customer
JF-15565,184.0,16,4198.332,63.0,20.0,165.0,2,3,2,7,Needs Attention
JG-15115,1005.0,7,2358.676,251.0,29.0,371.0,4,4,3,11,Loyal Customer
JG-15160,579.0,18,6366.392,178.0,18.0,67.0,3,3,1,7,Needs Attention
JG-15310,649.0,11,2240.58,196.0,25.0,389.0,4,4,3,11,Loyal Customer
JG-15805,1251.0,9,1507.018,276.0,27.0,511.0,5,4,4,13,Champion
JH-15430,276.0,7,309.281,92.0,29.0,747.0,2,4,5,11,Loyal Customer
JH-15820,96.0,8,528.91,35.0,28.0,716.0,1,4,5,10,Potential Loyalist
JH-15910,7.0,9,959.477,7.0,27.0,627.0,1,4,4,9,Potential Loyalist
JH-15985,334.0,14,7954.9980000000005,112.0,22.0,38.0,2,3,1,6,At Risk
JH-16180,587.0,5,2256.3940000000002,182.0,31.0,386.0,3,5,3,11,Loyal Customer
JJ-15445,643.0,6,709.178,192.0,30.0,687.0,4,4,4,12,Loyal Customer
JJ-15760,852.0,3,195.0,225.0,33.0,766.0,4,5,5,14,Champion
JK-15205,701.0,12,4262.2919999999995,204.0,24.0,159.0,4,4,2,10,Potential Loyalist
JK-15325,276.0,4,383.812,92.0,32.0,735.0,2,5,5,12,Loyal Customer
JK-15370,157.0,16,2136.458,56.0,20.0,418.0,2,3,3,8,Needs Attention
JK-15625,887.0,12,3760.028,232.0,24.0,193.0,4,4,2,10,Potential Loyalist
JK-15640,280.0,12,4760.434,96.0,24.0,128.0,2,4,2,8,Needs Attention
JK-15730,155.0,19,4769.9,54.0,17.0,126.0,2,3,2,7,Needs Attention
JK-16090,303.0,9,3747.668,103.0,27.0,194.0,2,4,2,8,Needs Attention
JK-16120,37.0,17,2932.484,17.0,19.0,284.0,1,3,2,6,At Risk
JL-15130,38.0,12,1214.956,18.0,24.0,575.0,1,4,4,9,Potential Loyalist
JL-15175,245.0,7,1571.523,82.0,29.0,499.0,2,4,4,10,Potential Loyalist
JL-15235,306.0,10,2203.7,106.0,26.0,400.0,2,4,3,9,Potential Loyalist
JL-15505,31.0,17,3173.874,12.0,19.0,251.0,1,3,2,6,At Risk
JL-15835,91.0,33,9576.343,31.0,3.0,21.0,1,1,1,3,At Risk
JL-15850,922.0,11,2725.256,239.0,25.0,315.0,4,4,3,11,Loyal Customer
JM-15250,345.0,19,3159.1220000000003,120.0,17.0,253.0,3,3,2,8,Needs Attention
JM-15265,395.0,13,1804.146,131.0,23.0,463.0,3,4,3,10,Potential Loyalist
JM-15535,3.0,10,1733.443,3.0,26.0,474.0,1,4,3,8,Needs Attention
JM-15580,372.0,7,303.948,127.0,29.0,748.0,3,4,5,12,Loyal Customer
JM-15655,365.0,12,864.947,121.0,24.0,650.0,3,4,4,11,Loyal Customer
JM-15865,3.0,13,7625.076000000001,3.0,23.0,45.0,1,4,1,6,At Risk
JM-16195,4.0,19,2833.9260000000004,4.0,17.0,297.0,1,3,2,6,At Risk
JO-15145,276.0,13,3254.949,92.0,23.0,237.0,2,4,2,8,Needs Attention
JO-15280,1035.0,11,1934.272,255.0,25.0,443.0,4,4,3,11,Loyal Customer
JO-15550,822.0,11,1090.838,220.0,25.0,593.0,4,4,4,12,Loyal Customer
JP-15460,1036.0,15,1669.135,256.0,21.0,487.0,4,3,3,10,Potential Loyalist
JP-15520,122.0,16,3635.594,42.0,20.0,204.0,2,3,2,7,Needs Attention
JP-16135,7.0,13,1707.71,7.0,23.0,476.0,1,4,3,8,Needs Attention
JR-15670,276.0,3,1156.658,92.0,33.0,584.0,2,5,4,11,Loyal Customer
JR-15700,276.0,1,863.88,92.0,35.0,651.0,2,5,4,11,Loyal Customer
JR-16210,434.0,10,2201.686,145.0,26.0,401.0,3,4,3,10,Potential Loyalist
JS-15595,306.0,8,1417.654,106.0,28.0,533.0,2,4,4,10,Potential Loyalist
JS-15685,276.0,9,990.1959999999999,92.0,27.0,617.0,2,4,4,10,Potential Loyalist
JS-15880,375.0,9,3868.02,130.0,27.0,185.0,3,4,2,9,Potential Loyalist
JS-15940,585.0,8,469.169,180.0,28.0,722.0,3,4,5,12,Loyal Customer
JS-16030,303.0,18,2516.494,103.0,18.0,346.0,2,3,3,8,Needs Attention
JW-15220,305.0,14,7721.714,105.0,22.0,43.0,2,3,1,6,At Risk
JW-15955,157.0,10,1049.2379999999998,56.0,26.0,604.0,2,4,4,10,Potential Loyalist
JW-16075,463.0,7,1428.731,152.0,29.0,526.0,3,4,4,11,Loyal Customer
KA-16525,732.0,11,1519.506,209.0,25.0,509.0,4,4,4,12,Loyal Customer
KB-16240,35.0,10,3152.6150000000002,15.0,26.0,255.0,1,4,2,7,Needs Attention
KB-16315,100.0,22,1569.464,39.0,14.0,500.0,2,3,4,9,Potential Loyalist
KB-16405,247.0,9,908.821,84.0,27.0,640.0,2,4,4,10,Potential Loyalist
KB-16585,9.0,23,2744.742,9.0,13.0,313.0,1,2,3,6,At Risk
KB-16600,91.0,9,983.922,31.0,27.0,618.0,1,4,4,9,Potential Loyalist
KC-16255,674.0,10,2120.954,199.0,26.0,419.0,4,4,3,11,Loyal Customer
KC-16540,398.0,5,3908.262,133.0,31.0,182.0,3,5,2,10,Potential Loyalist
KC-16675,276.0,7,1146.05,92.0,29.0,587.0,2,4,4,10,Potential Loyalist
KD-16270,615.0,16,8282.358,188.0,20.0,31.0,4,3,1,8,Needs Attention
KD-16345,1402.0,10,1888.964,291.0,26.0,447.0,5,4,3,12,Loyal Customer
KD-16495,94.0,28,8181.256,34.0,8.0,34.0,1,2,1,4,At Risk
KD-16615,312.0,7,907.158,110.0,29.0,641.0,2,4,4,10,Potential Loyalist
KE-16420,244.0,12,1453.2812000000001,81.0,24.0,522.0,2,4,4,10,Potential Loyalist
KF-16285,33.0,18,10604.266,13.0,18.0,18.0,1,3,1,5,At Risk
KH-16330,1317.0,18,3312.864,282.0,18.0,229.0,5,3,2,10,Potential Loyalist
KH-16360,283.0,14,3100.612,99.0,22.0,262.0,2,3,2,7,Needs Attention
KH-16510,122.0,20,5229.695000000001,42.0,16.0,108.0,2,3,2,7,Needs Attention
KH-16630,33.0,17,3918.9660000000003,13.0,19.0,179.0,1,3,2,6,At Risk
KH-16690,370.0,15,5990.799,125.0,21.0,79.0,3,3,1,7,Needs Attention
KL-16555,245.0,22,5016.488,82.0,14.0,114.0,2,3,2,7,Needs Attention
KL-16645,99.0,29,14175.229000000001,38.0,7.0,6.0,1,2,1,4,At Risk
KM-16225,91.0,19,2260.958,31.0,17.0,384.0,1,3,3,7,Needs Attention
KM-16375,245.0,20,5620.186,82.0,16.0,89.0,2,3,1,6,At Risk
KM-16660,703.0,9,453.538,205.0,27.0,724.0,4,4,5,13,Champion
KM-16720,303.0,28,4909.472,103.0,8.0,118.0,2,2,2,6,At Risk
KN-16390,30.0,15,2224.0860000000002,11.0,21.0,393.0,1,3,3,7,Needs Attention
KN-16450,123.0,8,2171.962,43.0,28.0,408.0,2,4,3,9,Potential Loyalist
KN-16705,36.0,12,2003.01,16.0,24.0,434.0,1,4,3,8,Needs Attention
KS-16300,70.0,4,88.472,29.0,32.0,779.0,1,5,5,11,Loyal Customer
KT-16465,609.0,14,3057.1,184.0,22.0,269.0,3,3,2,8,Needs Attention
KT-16480,429.0,13,4642.088400000001,142.0,23.0,136.0,3,4,2,9,Potential Loyalist
KW-16435,913.0,10,4416.5199999999995,235.0,26.0,147.0,4,4,2,10,Potential Loyalist
KW-16570,887.0,5,449.096,232.0,31.0,725.0,4,5,5,14,Champion
LA-16780,467.0,26,8673.222,155.0,10.0,28.0,3,2,1,6,At Risk
LB-16735,1.0,3,50.188,1.0,33.0,784.0,1,5,5,11,Loyal Customer
LB-16795,98.0,24,4985.676,37.0,12.0,115.0,1,2,2,5,At Risk
LC-16870,275.0,30,2580.7039999999997,91.0,6.0,331.0,2,2,3,7,Needs Attention
LC-16885,6.0,23,7663.126,6.0,13.0,44.0,1,2,1,4,At Risk
LC-16930,64.0,14,4492.946,24.0,22.0,142.0,1,3,2,6,At Risk
LC-16960,1065.0,7,3246.626,260.0,29.0,241.0,4,4,2,10,Potential Loyalist
LC-17050,94.0,9,2095.064,34.0,27.0,421.0,1,4,3,8,Needs Attention
LC-17140,94.0,19,2633.582,34.0,17.0,325.0,1,3,3,7,Needs Attention
LD-16855,276.0,1,5.304,92.0,35.0,792.0,2,5,5,12,Loyal Customer
LD-17005,396.0,7,1961.934,132.0,29.0,440.0,3,4,3,10,Potential Loyalist
LE-16810,91.0,9,1469.45,31.0,27.0,514.0,1,4,4,9,Potential Loyalist
LF-17185,122.0,16,3930.5089999999996,42.0,20.0,177.0,2,3,2,7,Needs Attention
LH-16750,338.0,3,287.426,116.0,33.0,750.0,3,5,5,13,Champion
LH-16900,91.0,15,2295.332,31.0,21.0,380.0,1,3,3,7,Needs Attention
LH-17020,221.0,6,318.239,78.0,30.0,746.0,2,4,5,11,Loyal Customer
LH-17155,426.0,19,1739.689,139.0,17.0,469.0,3,3,3,9,Potential Loyalist
LL-16840,980.0,10,2454.554,248.0,26.0,361.0,4,4,3,11,Loyal Customer
LM-17065,552.0,7,1346.774,175.0,29.0,543.0,3,4,4,11,Loyal Customer
LO-17170,916.0,9,644.35,236.0,27.0,699.0,4,4,5,13,Champion
LP-17080,37.0,9,756.606,17.0,27.0,673.0,1,4,4,9,Potential Loyalist
LP-17095,217.0,13,3104.439,75.0,23.0,261.0,2,4,2,8,Needs Attention
LR-16915,244.0,16,5142.892,81.0,20.0,111.0,2,3,2,7,Needs Attention
LR-17035,886.0,12,1879.306,231.0,24.0,450.0,4,4,3,11,Loyal Customer
LS-16945,11.0,14,2845.27,10.0,22.0,295.0,1,3,2,6,At Risk
LS-16975,1.0,22,2988.674,1.0,14.0,275.0,1,3,2,6,At Risk
LS-17200,276.0,14,1010.2560000000001,92.0,22.0,612.0,2,3,4,9,Potential Loyalist
LS-17230,1290.0,6,368.88000000000005,278.0,30.0,739.0,5,4,5,14,Champion
LS-17245,276.0,12,1008.1360000000001,92.0,24.0,614.0,2,4,4,10,Potential Loyalist
LT-16765,244.0,3,329.876,81.0,33.0,744.0,2,5,5,12,Loyal Customer
LT-17110,730.0,14,2936.252,207.0,22.0,282.0,4,3,2,9,Potential Loyalist
LW-16825,277.0,15,2238.061,93.0,21.0,391.0,2,3,3,8,Needs Attention
LW-16990,100.0,11,3230.308,39.0,25.0,245.0,2,4,2,8,Needs Attention
LW-17125,128.0,5,1259.04,47.0,31.0,564.0,2,5,4,11,Loyal Customer
LW-17215,38.0,15,5420.514,18.0,21.0,98.0,1,3,1,5,At Risk
MA-17560,791.0,34,4299.161,214.0,2.0,154.0,4,1,2,7,Needs Attention
MA-17995,519.0,12,2453.284,166.0,24.0,362.0,3,4,3,10,Potential Loyalist
MB-17305,1.0,19,1548.702,1.0,17.0,504.0,1,3,4,8,Needs Attention
MB-18085,190.0,10,1428.231,68.0,26.0,527.0,2,4,4,10,Potential Loyalist
MC-17275,886.0,13,2725.982,231.0,23.0,314.0,4,4,3,11,Loyal Customer
MC-17425,276.0,10,4432.138,92.0,26.0,146.0,2,4,2,8,Needs Attention
MC-17575,157.0,11,1303.893,56.0,25.0,554.0,2,4,4,10,Potential Loyalist
MC-17590,92.0,17,2426.067,32.0,19.0,364.0,1,3,3,7,Needs Attention
MC-17605,94.0,18,2258.192,34.0,18.0,385.0,1,3,3,7,Needs Attention
MC-17635,1371.0,8,795.154,287.0,28.0,666.0,5,4,4,13,Champion
MC-17845,61.0,14,3805.714,21.0,22.0,189.0,1,3,2,6,At Risk
MC-18100,306.0,19,2218.98,106.0,17.0,396.0,2,3,3,8,Needs Attention
MC-18130,374.0,11,1581.9979999999998,129.0,25.0,498.0,3,4,4,11,Loyal Customer
MD-17350,70.0,15,2716.412,29.0,21.0,317.0,1,3,3,7,Needs Attention
MD-17860,1399.0,8,1204.91,289.0,28.0,577.0,5,4,4,13,Champion
ME-17320,6.0,22,10663.728000000001,6.0,14.0,17.0,1,3,1,5,At Risk
ME-17725,303.0,13,1908.4532,103.0,23.0,445.0,2,4,3,9,Potential Loyalist
ME-18010,276.0,6,1256.944,92.0,30.0,565.0,2,4,4,10,Potential Loyalist
MF-17665,467.0,8,937.039,155.0,28.0,634.0,3,4,4,11,Loyal Customer
MF-18250,731.0,12,1758.3,208.0,24.0,467.0,4,4,3,11,Loyal Customer
MG-17650,2.0,14,3785.276,2.0,22.0,192.0,1,3,2,6,At Risk
MG-17680,128.0,10,2350.188,47.0,26.0,372.0,2,4,3,9,Potential Loyalist
MG-17695,858.0,7,1342.282,228.0,29.0,544.0,4,4,4,12,Loyal Customer
MG-17875,217.0,7,1242.8329999999999,75.0,29.0,571.0,2,4,4,10,Potential Loyalist
MG-17890,162.0,13,776.384,60.0,23.0,669.0,2,4,4,10,Potential Loyalist
MG-18145,155.0,8,3061.543,54.0,28.0,267.0,2,4,2,8,Needs Attention
MG-18205,69.0,2,16.739,28.0,34.0,789.0,1,5,5,11,Loyal Customer
MH-17290,39.0,10,1691.505,19.0,26.0,479.0,1,4,3,8,Needs Attention
MH-17440,497.0,9,400.016,164.0,27.0,732.0,3,4,5,12,Loyal Customer
MH-17455,426.0,9,2146.694,139.0,27.0,416.0,3,4,3,10,Potential Loyalist
MH-17620,643.0,6,1252.8,192.0,30.0,568.0,4,4,4,12,Loyal Customer
MH-17785,435.0,11,2203.7780000000002,146.0,25.0,399.0,3,4,3,10,Potential Loyalist
MH-18025,31.0,10,2984.948,12.0,26.0,276.0,1,4,2,7,Needs Attention
MH-18115,70.0,22,5503.093,29.0,14.0,93.0,1,3,1,5,At Risk
MJ-17740,39.0,15,6320.746,19.0,21.0,69.0,1,3,1,5,At Risk
MK-17905,303.0,17,2302.368,103.0,19.0,379.0,2,3,3,8,Needs Attention
MK-18160,251.0,11,1031.602,87.0,25.0,609.0,2,4,4,10,Potential Loyalist
ML-17395,101.0,20,2722.843,40.0,16.0,316.0,2,3,3,8,Needs Attention
ML-17410,184.0,14,2885.26,63.0,22.0,288.0,2,3,2,7,Needs Attention
ML-17755,31.0,13,2071.9139999999998,12.0,23.0,424.0,1,4,3,8,Needs Attention
ML-18040,2.0,4,742.082,2.0,32.0,680.0,1,5,4,10,Potential Loyalist
ML-18265,276.0,3,162.232,92.0,33.0,768.0,2,5,5,12,Loyal Customer
MM-17260,40.0,6,1314.023,20.0,30.0,552.0,1,4,4,9,Potential Loyalist
MM-17920,247.0,15,3640.2560000000003,84.0,21.0,203.0,2,3,2,7,Needs Attention
MM-18055,125.0,19,2749.881,45.0,17.0,311.0,2,3,3,8,Needs Attention
MM-18280,67.0,12,775.414,27.0,24.0,670.0,1,4,4,9,Potential Loyalist
MN-17935,71.0,10,2477.946,30.0,26.0,351.0,1,4,3,8,Needs Attention
MO-17500,551.0,5,922.487,174.0,31.0,638.0,3,5,4,12,Loyal Customer
MO-17800,97.0,11,1687.0269999999998,36.0,25.0,481.0,1,4,3,8,Needs Attention
MO-17950,280.0,4,154.288,96.0,32.0,772.0,2,5,5,12,Loyal Customer
MP-17470,406.0,12,2945.822,138.0,24.0,279.0,3,4,2,9,Potential Loyalist
MP-17965,158.0,20,3983.6420000000003,57.0,16.0,175.0,2,3,2,7,Needs Attention
MP-18175,71.0,18,4757.332,30.0,18.0,129.0,1,3,2,6,At Risk
MR-17545,127.0,6,639.178,46.0,30.0,702.0,2,4,5,11,Loyal Customer
MS-17365,342.0,24,7443.6900000000005,119.0,12.0,48.0,3,2,1,6,At Risk
MS-17530,1066.0,7,475.65599999999995,261.0,29.0,721.0,5,4,5,14,Champion
MS-17710,366.0,15,1613.402,122.0,21.0,492.0,3,3,3,9,Potential Loyalist
MS-17770,427.0,19,3144.678,140.0,17.0,256.0,3,3,2,8,Needs Attention
MS-17830,611.0,5,370.348,186.0,31.0,738.0,3,5,5,13,Champion
MS-17980,244.0,11,855.116,81.0,25.0,654.0,2,4,4,10,Potential Loyalist
MT-17815,31.0,10,2890.139,12.0,26.0,286.0,1,4,2,7,Needs Attention
MT-18070,67.0,11,1319.4498,27.0,25.0,550.0,1,4,4,9,Potential Loyalist
MV-17485,193.0,15,1560.05,70.0,21.0,503.0,2,3,4,9,Potential Loyalist
MV-18190,30.0,11,1734.574,11.0,25.0,473.0,1,4,3,8,Needs Attention
MW-18220,949.0,14,5341.900000000001,243.0,22.0,102.0,4,3,2,9,Potential Loyalist
MW-18235,276.0,3,5253.876,92.0,33.0,106.0,2,5,2,9,Potential Loyalist
MY-17380,312.0,13,2254.285,110.0,23.0,387.0,2,4,3,9,Potential Loyalist
MY-18295,251.0,19,3601.88,87.0,17.0,207.0,2,3,2,7,Needs Attention
MZ-17335,458.0,6,593.606,149.0,30.0,708.0,3,4,5,12,Loyal Customer
MZ-17515,401.0,10,2564.906,134.0,26.0,336.0,3,4,3,10,Potential Loyalist
NB-18580,276.0,2,273.87199999999996,92.0,34.0,752.0,2,5,5,12,Loyal Customer
NB-18655,30.0,17,1972.599,11.0,19.0,438.0,1,3,3,7,Needs Attention
NC-18340,982.0,17,2461.404,250.0,19.0,356.0,4,3,3,10,Potential Loyalist
NC-18415,827.0,14,2218.9900000000002,222.0,22.0,395.0,4,3,3,10,Potential Loyalist
NC-18535,62.0,15,8241.739,22.0,21.0,32.0,1,3,1,5,At Risk
NC-18625,97.0,9,1821.742,36.0,27.0,462.0,1,4,3,8,Needs Attention
ND-18370,275.0,18,4326.139,91.0,18.0,153.0,2,3,2,7,Needs Attention
ND-18460,67.0,8,2893.455,27.0,28.0,285.0,1,4,2,7,Needs Attention
NF-18385,2.0,13,8080.474,2.0,23.0,35.0,1,4,1,6,At Risk
NF-18475,1432.0,4,377.16200000000003,296.0,32.0,737.0,5,5,5,15,Champion
NF-18595,156.0,12,2031.472,55.0,24.0,430.0,2,4,3,9,Potential Loyalist
NG-18355,1.0,16,1869.58,1.0,20.0,454.0,1,3,3,7,Needs Attention
NG-18430,1.0,9,1395.9379999999999,1.0,27.0,537.0,1,4,4,9,Potential Loyalist
NH-18610,130.0,9,2518.6659999999997,49.0,27.0,344.0,2,4,3,9,Potential Loyalist
NK-18490,2.0,11,572.048,2.0,25.0,711.0,1,4,5,10,Potential Loyalist
NL-18310,304.0,10,1418.0900000000001,104.0,26.0,532.0,2,4,4,10,Potential Loyalist
NM-18445,1226.0,14,6459.344,275.0,22.0,64.0,5,3,1,9,Potential Loyalist
NM-18520,529.0,15,2161.979,171.0,21.0,413.0,3,3,3,9,Potential Loyalist
NP-18325,214.0,21,5529.62,72.0,15.0,91.0,2,3,1,6,At Risk
NP-18670,2.0,10,3908.402,2.0,26.0,181.0,1,4,2,7,Needs Attention
NP-18685,913.0,6,1164.73,235.0,30.0,583.0,4,4,4,12,Loyal Customer
NP-18700,369.0,13,7903.1825,124.0,23.0,39.0,3,4,1,8,Needs Attention
NR-18550,281.0,13,2367.277,97.0,23.0,370.0,2,4,3,9,Potential Loyalist
NS-18505,336.0,15,2575.863,114.0,21.0,333.0,3,3,3,9,Potential Loyalist
NS-18640,96.0,23,2857.753,35.0,13.0,292.0,1,2,2,5,At Risk
NW-18400,35.0,22,7234.014,15.0,14.0,52.0,1,3,1,5,At Risk
NZ-18565,185.0,20,2488.31,64.0,16.0,350.0,2,3,3,8,Needs Attention
ON-18715,404.0,15,1567.52,136.0,21.0,502.0,3,3,4,10,Potential Loyalist
OT-18730,432.0,10,3818.624,143.0,26.0,187.0,3,4,2,9,Potential Loyalist
PA-19060,1043.0,7,729.408,259.0,29.0,686.0,4,4,4,12,Loyal Customer
PB-18805,214.0,10,740.356,72.0,26.0,682.0,2,4,4,10,Potential Loyalist
PB-19105,276.0,5,688.324,92.0,31.0,689.0,2,5,4,11,Loyal Customer
PB-19150,1096.0,11,1456.95,266.0,25.0,519.0,5,4,4,13,Champion
PB-19210,405.0,2,132.738,137.0,34.0,774.0,3,5,5,13,Champion
PC-18745,427.0,5,1832.064,140.0,31.0,459.0,3,5,3,11,Loyal Customer
PC-19000,1069.0,3,1061.488,263.0,33.0,597.0,5,5,4,14,Champion
PF-19120,891.0,19,9062.864,234.0,17.0,24.0,4,3,1,8,Needs Attention
PF-19165,457.0,10,2770.0,148.0,26.0,307.0,3,4,3,10,Potential Loyalist
PF-19225,156.0,10,2206.1279999999997,55.0,26.0,398.0,2,4,3,9,Potential Loyalist
PG-18820,31.0,26,3086.907,12.0,10.0,263.0,1,2,2,5,At Risk
PG-18895,276.0,17,1987.164,92.0,19.0,437.0,2,3,3,8,Needs Attention
PH-18790,276.0,2,729.648,92.0,34.0,685.0,2,5,4,11,Loyal Customer
PJ-18835,276.0,13,1220.09,92.0,23.0,573.0,2,4,4,10,Potential Loyalist
PJ-19015,490.0,7,1677.536,158.0,29.0,485.0,3,4,3,10,Potential Loyalist
PK-18910,643.0,3,1441.152,192.0,33.0,524.0,4,5,4,13,Champion
PK-19075,154.0,25,8646.934,53.0,11.0,29.0,2,2,1,5,At Risk
PL-18925,1431.0,8,239.481,295.0,28.0,759.0,5,4,5,14,Champion
PM-18940,456.0,4,1405.402,147.0,32.0,534.0,3,5,4,12,Loyal Customer
PM-19135,92.0,7,4115.662,32.0,29.0,169.0,1,4,2,7,Needs Attention
PN-18775,92.0,13,1467.152,32.0,23.0,515.0,1,4,4,9,Potential Loyalist
PO-18850,188.0,22,7473.8282,66.0,14.0,47.0,2,3,1,6,At Risk
PO-18865,218.0,13,2493.214,76.0,23.0,349.0,2,4,3,9,Potential Loyalist
PO-19180,368.0,18,4893.043,123.0,18.0,119.0,3,3,2,8,Needs Attention
PO-19195,216.0,10,1056.858,74.0,26.0,600.0,2,4,4,10,Potential Loyalist
PP-18955,427.0,34,7252.608,140.0,2.0,51.0,3,1,1,5,At Risk
PR-18880,768.0,12,1840.178,213.0,24.0,458.0,4,4,3,11,Loyal Customer
PS-18760,465.0,21,2181.479,154.0,15.0,406.0,3,3,3,9,Potential Loyalist
PS-18970,246.0,13,1278.639,83.0,23.0,560.0,2,4,4,10,Potential Loyalist
PS-19045,129.0,13,6843.634,48.0,23.0,56.0,2,4,1,7,Needs Attention
PT-19090,582.0,6,158.46,179.0,30.0,770.0,3,4,5,12,Loyal Customer
PV-18985,39.0,13,2876.046,19.0,23.0,290.0,1,4,2,7,Needs Attention
PW-19030,218.0,13,3454.916,76.0,23.0,217.0,2,4,2,8,Needs Attention
PW-19240,1005.0,12,3922.4150000000004,251.0,24.0,178.0,4,4,2,10,Potential Loyalist
QJ-19255,214.0,13,6108.338,72.0,23.0,75.0,2,4,1,7,Needs Attention
RA-19285,247.0,17,2617.906,84.0,19.0,326.0,2,3,3,8,Needs Attention
RA-19885,215.0,13,3546.224,73.0,23.0,210.0,2,4,2,8,Needs Attention
RA-19915,1431.0,22,4793.543,295.0,14.0,125.0,5,3,2,10,Potential Loyalist
RA-19945,791.0,9,1686.9225,214.0,27.0,482.0,4,4,3,11,Loyal Customer
RB-19330,276.0,6,1008.1959999999999,92.0,30.0,613.0,2,4,4,10,Potential Loyalist
RB-19360,707.0,18,15117.339,206.0,18.0,3.0,4,3,1,8,Needs Attention
RB-19435,1039.0,13,1864.156,258.0,23.0,455.0,4,4,3,11,Loyal Customer
RB-19465,465.0,23,4715.466,154.0,13.0,133.0,3,2,2,7,Needs Attention
RB-19570,214.0,9,528.546,72.0,27.0,717.0,2,4,5,11,Loyal Customer
RB-19645,276.0,7,221.084,92.0,29.0,763.0,2,4,5,11,Loyal Customer
RB-19705,184.0,7,2067.45,63.0,29.0,425.0,2,4,3,9,Potential Loyalist
RB-19795,216.0,18,5633.316000000001,74.0,18.0,88.0,2,3,1,6,At Risk
RC-19825,554.0,10,966.409,176.0,26.0,624.0,3,4,4,11,Loyal Customer
RC-19960,33.0,8,652.644,13.0,28.0,697.0,1,4,5,10,Potential Loyalist
RD-19480,618.0,15,4272.93,190.0,21.0,157.0,4,3,2,9,Potential Loyalist
RD-19585,280.0,18,2832.904,96.0,18.0,298.0,2,3,2,7,Needs Attention
RD-19660,156.0,4,2745.892,55.0,32.0,312.0,2,5,3,10,Potential Loyalist
RD-19720,91.0,20,1419.737,31.0,16.0,530.0,1,3,4,8,Needs Attention
RD-19810,285.0,16,1137.616,101.0,20.0,588.0,2,3,4,9,Potential Loyalist
RD-19900,156.0,21,3133.924,55.0,15.0,257.0,2,3,2,7,Needs Attention
RD-19930,69.0,10,970.9420000000001,28.0,26.0,621.0,1,4,4,9,Potential Loyalist
RE-19405,276.0,1,48.36,92.0,35.0,786.0,2,5,5,12,Loyal Customer
RE-19450,284.0,6,666.52,100.0,30.0,692.0,2,4,4,10,Potential Loyalist
RF-19345,579.0,16,3309.15,178.0,20.0,230.0,3,3,2,8,Needs Attention
RF-19735,305.0,14,2341.2960000000003,105.0,22.0,373.0,2,3,3,8,Needs Attention
RF-19840,365.0,10,938.862,121.0,26.0,633.0,3,4,4,11,Loyal Customer
RH-19495,4.0,8,3621.3759999999997,4.0,28.0,206.0,1,4,2,7,Needs Attention
RH-19510,435.0,12,6979.18,146.0,24.0,55.0,3,4,1,8,Needs Attention
RH-19555,974.0,3,740.382,246.0,33.0,681.0,4,5,4,13,Champion
RH-19600,853.0,11,2085.7400000000002,226.0,25.0,422.0,4,4,3,11,Loyal Customer
RK-19300,306.0,8,1460.192,106.0,28.0,516.0,2,4,4,10,Potential Loyalist
RL-19615,158.0,24,6234.91,57.0,12.0,71.0,2,2,1,5,At Risk
RM-19375,495.0,9,1453.474,162.0,27.0,521.0,3,4,4,11,Loyal Customer
RM-19675,1067.0,11,5979.0960000000005,262.0,25.0,80.0,5,4,1,10,Potential Loyalist
RM-19750,192.0,2,98.35,69.0,34.0,778.0,2,5,5,12,Loyal Customer
RO-19780,427.0,12,3815.478,140.0,24.0,188.0,3,4,2,9,Potential Loyalist
RP-19270,917.0,12,954.6452,237.0,24.0,629.0,4,4,4,12,Loyal Customer
RP-19390,891.0,25,5153.084,234.0,11.0,110.0,4,2,2,8,Needs Attention
RP-19855,303.0,14,2055.356,103.0,22.0,426.0,2,3,3,8,Needs Attention
RR-19315,30.0,4,615.932,11.0,32.0,704.0,1,5,5,11,Loyal Customer
RR-19525,944.0,10,3302.2619999999997,240.0,26.0,231.0,4,4,2,10,Potential Loyalist
RS-19420,133.0,9,3221.29,51.0,27.0,246.0,2,4,2,8,Needs Attention
RS-19765,125.0,14,4159.7699999999995,45.0,22.0,167.0,2,3,2,7,Needs Attention
RS-19870,30.0,3,22.328,11.0,33.0,788.0,1,5,5,11,Loyal Customer
RW-19540,160.0,23,7397.401,58.0,13.0,49.0,2,2,1,5,At Risk
RW-19630,305.0,16,3279.746,105.0,20.0,233.0,2,3,2,7,Needs Attention
RW-19690,2.0,15,3495.646,2.0,21.0,213.0,1,3,2,6,At Risk
SA-20830,99.0,21,4767.3415,38.0,15.0,127.0,1,3,2,6,At Risk
SB-20170,6.0,7,1348.02,6.0,29.0,542.0,1,4,4,9,Potential Loyalist
SB-20185,6.0,12,6410.996,6.0,24.0,66.0,1,4,1,6,At Risk
SB-20290,94.0,17,8057.891,34.0,19.0,36.0,1,3,1,5,At Risk
SC-20020,792.0,17,3362.9636,215.0,19.0,222.0,4,3,2,9,Potential Loyalist
SC-20050,38.0,15,4624.572,18.0,21.0,137.0,1,3,2,6,At Risk
SC-20095,853.0,22,14142.333999999999,226.0,14.0,7.0,4,3,1,8,Needs Attention
SC-20230,279.0,11,4371.9580000000005,95.0,25.0,150.0,2,4,2,8,Needs Attention
SC-20260,1287.0,18,3729.7929999999997,277.0,18.0,196.0,5,3,2,10,Potential Loyalist
SC-20305,67.0,10,3650.473,27.0,26.0,201.0,1,4,2,7,Needs Attention
SC-20380,285.0,20,5992.536,101.0,16.0,78.0,2,3,1,6,At Risk
SC-20440,977.0,10,1874.998,247.0,26.0,451.0,4,4,3,11,Loyal Customer
SC-20575,823.0,6,799.798,221.0,30.0,664.0,4,4,4,12,Loyal Customer
SC-20680,276.0,8,1254.64,92.0,28.0,567.0,2,4,4,10,Potential Loyalist
SC-20695,65.0,14,2576.408,25.0,22.0,332.0,1,3,3,7,Needs Attention
SC-20725,345.0,26,5226.21,120.0,10.0,109.0,3,2,2,7,Needs Attention
SC-20770,312.0,21,4492.657,110.0,15.0,143.0,2,3,2,7,Needs Attention
SC-20800,760.0,5,279.25600000000003,211.0,31.0,751.0,4,5,5,14,Champion
SC-20845,396.0,1,14.112,132.0,35.0,791.0,3,5,5,13,Champion
SD-20485,1099.0,21,6121.114,268.0,15.0,74.0,5,3,1,9,Potential Loyalist
SE-20110,401.0,19,12209.438000000002,134.0,17.0,9.0,3,3,1,7,Needs Attention
SF-20065,335.0,9,763.5459999999999,113.0,27.0,671.0,3,4,4,11,Loyal Customer
SF-20200,335.0,15,3422.7859999999996,113.0,21.0,218.0,3,3,2,8,Needs Attention
SF-20965,1.0,17,3336.535,1.0,19.0,225.0,1,3,2,6,At Risk
SG-20080,276.0,11,3406.5809999999997,92.0,25.0,220.0,2,4,2,8,Needs Attention
SG-20470,1036.0,14,1884.798,256.0,22.0,449.0,4,3,3,10,Potential Loyalist
SG-20605,913.0,12,3118.892,235.0,24.0,260.0,4,4,2,10,Potential Loyalist
SG-20890,703.0,5,47.946,205.0,31.0,787.0,4,5,5,14,Champion
SH-19975,192.0,24,2465.6594999999998,69.0,12.0,355.0,2,2,3,7,Needs Attention
SH-20395,64.0,15,2180.718,24.0,21.0,407.0,1,3,3,7,Needs Attention
SH-20635,276.0,2,2096.392,92.0,34.0,420.0,2,5,3,10,Potential Loyalist
SJ-20125,34.0,24,3949.656,14.0,12.0,176.0,1,2,2,5,At Risk
SJ-20215,334.0,10,1341.036,112.0,26.0,545.0,2,4,4,10,Potential Loyalist
SJ-20500,699.0,7,1318.776,203.0,29.0,551.0,4,4,4,12,Loyal Customer
SK-19990,276.0,5,883.409,92.0,31.0,649.0,2,5,4,11,Loyal Customer
SL-20155,1373.0,8,3046.532,288.0,28.0,272.0,5,4,2,11,Loyal Customer
SM-20005,610.0,6,244.49399999999997,185.0,30.0,758.0,3,4,5,12,Loyal Customer
SM-20320,2.0,15,25043.05,2.0,21.0,1.0,1,3,1,5,At Risk
SM-20905,647.0,6,1043.041,194.0,30.0,606.0,4,4,4,12,Loyal Customer
SM-20950,214.0,20,4464.862,72.0,16.0,144.0,2,3,2,7,Needs Attention
SN-20560,64.0,15,1860.418,24.0,21.0,457.0,1,3,3,7,Needs Attention
SN-20710,2.0,19,3127.9592,2.0,17.0,259.0,1,3,2,6,At Risk
SO-20335,94.0,15,2602.5755,34.0,21.0,327.0,1,3,3,7,Needs Attention
SP-20545,193.0,10,1306.086,70.0,26.0,553.0,2,4,4,10,Potential Loyalist
SP-20620,94.0,24,5440.319,34.0,12.0,97.0,1,2,1,4,At Risk
SP-20650,366.0,15,1872.4360000000001,122.0,21.0,453.0,3,3,3,9,Potential Loyalist
SP-20860,2.0,24,4282.94,2.0,12.0,155.0,1,2,2,5,At Risk
SP-20920,366.0,14,3990.689,122.0,22.0,173.0,3,3,2,8,Needs Attention
SR-20425,123.0,9,3233.481,43.0,27.0,244.0,2,4,2,8,Needs Attention
SR-20740,648.0,12,4345.8859999999995,195.0,24.0,152.0,4,4,2,10,Potential Loyalist
SS-20140,281.0,21,1324.028,97.0,15.0,548.0,2,3,4,9,Potential Loyalist
SS-20410,33.0,12,3056.8070000000002,13.0,24.0,270.0,1,4,2,7,Needs Attention
SS-20515,276.0,6,613.4,92.0,30.0,705.0,2,4,5,11,Loyal Customer
SS-20590,463.0,9,418.49,152.0,27.0,729.0,3,4,5,12,Loyal Customer
SS-20875,337.0,15,964.636,115.0,21.0,625.0,3,3,4,10,Potential Loyalist
ST-20530,1074.0,12,433.34000000000003,265.0,24.0,728.0,5,4,5,14,Champion
SU-20665,61.0,18,2595.364,21.0,18.0,328.0,1,3,3,7,Needs Attention
SV-20365,187.0,32,11470.949999999999,65.0,4.0,14.0,2,1,1,4,At Risk
SV-20785,884.0,25,4105.305,230.0,11.0,170.0,4,2,2,8,Needs Attention
SV-20815,981.0,6,1271.0900000000001,249.0,30.0,561.0,4,4,4,12,Loyal Customer
SV-20935,215.0,13,1903.491,73.0,23.0,446.0,2,4,3,9,Potential Loyalist
SW-20245,63.0,10,1085.078,23.0,26.0,594.0,1,4,4,9,Potential Loyalist
SW-20275,427.0,7,1966.65,140.0,29.0,439.0,3,4,3,10,Potential Loyalist
SW-20350,464.0,6,1019.044,153.0,30.0,611.0,3,4,4,11,Loyal Customer
SW-20455,760.0,8,2835.564,211.0,28.0,296.0,4,4,2,10,Potential Loyalist
SW-20755,1400.0,8,758.6959999999999,290.0,28.0,672.0,5,4,4,13,Champion
SZ-20035,127.0,20,3625.329,46.0,16.0,205.0,2,3,2,7,Needs Attention
TA-21385,252.0,10,14595.62,88.0,26.0,4.0,2,4,1,7,Needs Attention
TB-21055,306.0,17,1451.361,106.0,19.0,523.0,2,3,4,9,Potential Loyalist
TB-21175,304.0,11,3589.296,104.0,25.0,208.0,2,4,2,8,Needs Attention
TB-21190,31.0,4,816.1740000000001,12.0,32.0,661.0,1,5,4,10,Potential Loyalist
TB-21250,520.0,19,1602.376,167.0,17.0,493.0,3,3,3,9,Potential Loyalist
TB-21280,1430.0,11,2198.45,294.0,25.0,403.0,5,4,3,12,Loyal Customer
TB-21355,187.0,13,834.328,65.0,23.0,658.0,2,4,4,10,Potential Loyalist
TB-21400,36.0,16,9108.742,16.0,20.0,23.0,1,3,1,5,At Risk
TB-21520,619.0,20,4737.486,191.0,16.0,131.0,4,3,2,9,Potential Loyalist
TB-21595,276.0,5,1240.871,92.0,31.0,572.0,2,5,4,11,Loyal Customer
TB-21625,398.0,15,2797.668,133.0,21.0,304.0,3,3,3,9,Potential Loyalist
TC-20980,670.0,12,19052.218,197.0,24.0,2.0,4,4,1,9,Potential Loyalist
TC-21145,276.0,4,1038.26,92.0,32.0,608.0,2,5,4,11,Loyal Customer
TC-21295,190.0,16,4266.812,68.0,20.0,158.0,2,3,2,7,Needs Attention
TC-21475,311.0,11,1244.976,109.0,25.0,570.0,2,4,4,10,Potential Loyalist
TC-21535,153.0,10,742.5580000000001,52.0,26.0,679.0,2,4,4,10,Potential Loyalist
TD-20995,31.0,16,1434.5480000000002,12.0,20.0,525.0,1,3,4,8,Needs Attention
TG-21310,671.0,9,3058.372,198.0,27.0,268.0,4,4,2,10,Potential Loyalist
TG-21640,156.0,10,2074.661,55.0,26.0,423.0,2,4,3,9,Potential Loyalist
TH-21100,463.0,7,2422.824,152.0,29.0,365.0,3,4,3,10,Potential Loyalist
TH-21115,304.0,9,2942.772,104.0,27.0,281.0,2,4,2,8,Needs Attention
TH-21235,128.0,13,1022.201,47.0,23.0,610.0,2,4,4,10,Potential Loyalist
TH-21550,1318.0,13,4234.0960000000005,283.0,23.0,163.0,5,4,2,11,Loyal Customer
TM-21010,733.0,15,2819.026,210.0,21.0,302.0,4,3,3,10,Potential Loyalist
TM-21490,276.0,4,1094.6779999999999,92.0,32.0,592.0,2,5,4,11,Loyal Customer
TN-21040,336.0,12,3130.221,114.0,24.0,258.0,3,4,2,9,Potential Loyalist
TP-21130,244.0,16,4454.0560000000005,81.0,20.0,145.0,2,3,2,7,Needs Attention
TP-21415,101.0,10,5329.0048,40.0,26.0,103.0,2,4,2,8,Needs Attention
TP-21565,610.0,10,1936.6399999999999,185.0,26.0,442.0,3,4,3,10,Potential Loyalist
TR-21325,490.0,7,675.9419999999999,158.0,29.0,691.0,3,4,4,11,Loyal Customer
TS-21085,164.0,2,4.833,61.0,34.0,793.0,2,5,5,12,Loyal Customer
TS-21160,649.0,17,2163.6240000000003,196.0,19.0,410.0,4,3,3,10,Potential Loyalist
TS-21205,703.0,19,5371.09,205.0,17.0,100.0,4,3,2,9,Potential Loyalist
TS-21340,800.0,12,974.7819999999999,219.0,24.0,620.0,4,4,4,12,Loyal Customer
TS-21370,37.0,15,11891.751,17.0,21.0,11.0,1,3,1,5,At Risk
TS-21430,35.0,7,2054.14,15.0,29.0,427.0,1,4,3,8,Needs Attention
TS-21505,154.0,14,2243.274,53.0,22.0,388.0,2,3,3,8,Needs Attention
TS-21610,6.0,11,2820.424,6.0,25.0,300.0,1,4,3,8,Needs Attention
TS-21655,190.0,14,3368.094,68.0,22.0,221.0,2,3,2,7,Needs Attention
TT-21070,402.0,14,4915.602,135.0,22.0,117.0,3,3,2,8,Needs Attention
TT-21220,610.0,15,1427.0439999999999,185.0,21.0,528.0,3,3,4,10,Potential Loyalist
TT-21265,670.0,3,439.5,197.0,33.0,727.0,4,5,5,14,Champion
TT-21460,253.0,14,5364.808,89.0,22.0,101.0,2,3,2,7,Needs Attention
TW-21025,947.0,12,5278.826,242.0,24.0,104.0,4,4,2,10,Potential Loyalist
TZ-21580,974.0,9,1707.286,246.0,27.0,477.0,4,4,3,11,Loyal Customer
VB-21745,131.0,10,2005.596,50.0,26.0,432.0,2,4,3,9,Potential Loyalist
VD-21670,945.0,16,6442.254,241.0,20.0,65.0,4,3,1,8,Needs Attention
VF-21715,127.0,11,847.944,46.0,25.0,655.0,2,4,4,10,Potential Loyalist
VG-21790,127.0,8,846.01,46.0,28.0,656.0,2,4,4,10,Potential Loyalist
VG-21805,372.0,5,418.432,127.0,31.0,730.0,3,5,5,13,Champion
VM-21685,184.0,12,2454.866,63.0,24.0,359.0,2,4,3,9,Potential Loyalist
VM-21835,247.0,8,380.69,84.0,28.0,736.0,2,4,5,11,Loyal Customer
VP-21730,949.0,5,993.9019999999999,243.0,31.0,616.0,4,5,4,13,Champion
VP-21760,1187.0,14,3360.526,272.0,22.0,223.0,5,3,2,10,Potential Loyalist
VS-21820,498.0,8,1055.981,165.0,28.0,602.0,3,4,4,11,Loyal Customer
VT-21700,952.0,9,1736.596,244.0,27.0,471.0,4,4,3,11,Loyal Customer
VW-21775,40.0,18,6134.0380000000005,20.0,18.0,72.0,1,3,1,5,At Risk
WB-21850,31.0,35,6129.71,12.0,1.0,73.0,1,1,1,3,At Risk
XP-21865,93.0,28,2374.658,33.0,8.0,367.0,1,2,3,6,At Risk
YC-21895,526.0,8,5454.35,169.0,28.0,96.0,3,4,1,8,Needs Attention
YS-21880,221.0,12,6720.4439999999995,78.0,24.0,59.0,2,4,1,7,Needs Attention
ZC-21910,36.0,31,8025.707,16.0,5.0,37.0,1,1,1,3,At Risk
ZD-21925,36.0,9,1493.944,16.0,27.0,512.0,1,4,4,9,Potential Loyalist
